segment,historical_avg_session_minutes,historical_sessions_last_7d,days_since_last_session,hour_of_day,day_of_week,device_os,site,entry_point,push_received_last_24h,session_minutes
at_risk,24.17118822426422,4,10,10,4,web,content,recommendation,1,29.14
active,33.699369762718625,3,22,18,3,android,content,search,0,46.72
at_risk,14.240106610875083,8,30,15,4,web,home,notification,0,19.27
active,16.027698327966327,4,5,1,5,android,content,search,1,38.75
new,28.80005771917295,3,20,8,6,ios,home,notification,1,25.43
churn,18.690156386510463,4,5,17,4,android,search,notification,0,21.16
at_risk,26.30691207281919,5,1,22,6,android,content,home,1,33.65
at_risk,17.17041232696854,5,13,19,5,android,product,search,1,27.72
new,9.111339679819116,7,17,21,6,ios,product,home,0,29.77
active,26.591726811773356,5,8,22,5,android,product,home,1,38.68
active,6.328120583095428,3,30,21,6,ios,content,home,0,20.41
churn,8.553260896533168,4,19,13,1,web,home,home,0,1.88
active,22.685224431878883,3,13,8,6,android,search,home,0,32.37
at_risk,26.6599034063383,8,15,12,2,android,search,recommendation,0,26.04
active,31.524700266637893,2,14,19,5,android,content,search,1,44.77
new,10.995354414724426,4,3,10,2,android,product,search,1,12.51
active,5.653900533818294,7,18,19,3,ios,product,notification,0,26.96
new,33.54953976424676,2,24,16,5,ios,content,notification,0,25.44
at_risk,7.0959619047307,5,13,5,3,android,content,recommendation,0,19.81
active,8.523010414403103,5,13,22,5,android,search,search,1,27.99
at_risk,11.61387196742937,5,28,20,0,ios,search,recommendation,1,18.24
active,19.469914682867486,3,18,14,5,android,home,search,1,26.56
churn,31.133243679124575,3,9,4,2,ios,home,search,0,16.66
at_risk,27.098018750085608,2,0,5,5,web,search,search,1,31.39
at_risk,25.36919927680696,5,25,20,1,android,product,home,0,18.75
new,7.7809587392481205,5,19,0,4,ios,content,home,0,12.14
active,13.80352684035715,3,19,11,4,web,search,recommendation,1,28.39
new,17.787362560860373,6,8,14,0,ios,product,notification,0,30.24
new,6.865056465024333,3,5,5,3,ios,content,search,0,14.09
active,11.023180170180193,2,15,20,4,ios,search,home,1,23.0
at_risk,12.174995730443861,6,23,12,5,ios,home,recommendation,0,19.75
churn,6.2001145448582955,2,9,1,6,ios,content,notification,0,1.0
active,20.1579098329725,6,16,7,2,ios,product,recommendation,1,29.22
active,25.265930485298366,2,30,9,4,ios,home,home,0,21.77
active,4.30774383873642,0,6,5,1,ios,search,home,1,13.91
new,17.87706235818394,4,7,22,6,android,search,recommendation,1,23.5
new,27.812969443837236,1,7,8,6,web,home,notification,1,31.78
active,26.68367425543075,4,28,12,6,android,search,home,0,30.01
new,28.897412175218886,1,16,12,3,android,content,notification,1,27.56
active,16.79194089463003,4,28,5,2,android,product,notification,0,20.48
active,29.078383727115405,8,29,13,5,android,content,home,0,35.3
at_risk,9.944851350070893,1,13,8,5,ios,content,home,1,17.79
at_risk,13.906748526778006,4,1,0,1,android,search,home,1,17.79
active,7.819734021787443,3,9,9,3,ios,home,recommendation,0,23.97
at_risk,17.42698980114287,4,16,14,4,ios,home,home,1,14.25
at_risk,14.937980739709626,4,11,2,3,android,content,notification,0,18.52
active,9.950594841672302,3,0,18,2,android,search,home,1,32.16
active,26.808763404615792,2,30,15,1,ios,product,recommendation,0,35.39
active,12.356943479684338,3,9,7,2,ios,search,notification,0,28.57
new,11.002542894812578,5,19,14,1,android,content,home,1,19.2
new,6.319380918066337,7,29,7,2,android,product,search,1,15.24
new,16.481116159464307,1,16,15,1,android,content,notification,1,17.71
at_risk,11.997832751630966,3,21,3,2,android,search,home,1,5.3
active,14.186003764251964,1,1,14,4,android,content,search,1,20.55
at_risk,9.787909666478237,3,21,1,2,web,product,search,1,12.89
at_risk,27.184131164056716,4,26,0,0,android,home,home,1,21.2
active,32.690110462705675,8,28,6,5,android,home,search,1,44.78
active,18.431751142033292,2,2,4,3,web,search,search,0,31.45
new,23.218947970247473,2,7,11,4,ios,home,search,0,17.32
new,30.6166851280213,3,1,3,3,android,content,notification,1,36.01
active,34.961378032010735,5,28,5,3,ios,home,home,0,29.84
active,22.24604399608446,4,8,2,3,web,product,search,0,32.43
active,31.362722395815666,5,16,21,5,android,product,home,0,42.19
at_risk,31.984072136336184,1,14,17,5,android,product,notification,1,34.67
active,28.117899097651538,5,21,5,6,web,product,recommendation,0,34.56
active,17.210735905412637,2,27,2,3,ios,content,recommendation,1,32.59
active,4.678082013988677,1,10,20,2,web,content,home,1,13.54
active,2.5215833295244168,1,24,16,0,android,content,search,0,18.83
new,17.747620898336514,8,9,21,3,web,search,home,0,24.86
active,18.312379606642384,2,6,4,6,android,product,search,1,30.42
new,15.442958799478086,3,3,8,1,ios,home,notification,1,12.0
active,20.74952259261503,5,11,2,5,web,content,recommendation,1,35.76
at_risk,20.22136920904609,4,17,10,5,android,home,home,1,27.37
new,29.608230354078866,2,24,3,4,android,home,search,0,19.13
new,5.585684407654659,1,26,0,3,ios,content,notification,0,12.12
active,9.430862981483,4,16,12,5,web,content,home,1,25.35
active,28.169164305667802,5,12,23,0,android,home,notification,0,37.21
active,29.978616618380602,4,5,15,0,web,content,search,1,38.45
active,34.829199049488636,2,28,18,1,android,home,search,1,31.37
at_risk,30.806096540773776,4,12,19,5,android,home,notification,0,30.36
active,31.366667233386924,7,23,23,3,android,content,recommendation,0,45.71
active,12.37348210678686,5,19,3,1,web,home,search,0,23.25
at_risk,15.25483392230942,3,28,6,0,android,home,home,1,13.03
new,10.846808459078185,2,30,14,3,ios,content,home,1,23.44
new,22.007880140359614,4,21,19,2,android,product,search,0,28.6
new,32.980576688832265,6,20,18,1,web,product,home,0,34.8
at_risk,13.373149254883385,3,4,17,0,ios,content,notification,1,21.71
active,20.381058802087857,4,0,7,5,android,home,home,0,33.01
new,11.777887804965006,5,16,8,5,android,content,recommendation,1,28.33
active,7.603399134499347,5,21,1,1,android,search,notification,1,12.26
new,8.441122484015636,3,23,7,3,android,product,search,1,15.78
active,3.9121963697582878,3,7,3,1,web,search,recommendation,1,22.54
active,33.32668625930549,3,15,22,2,ios,search,home,1,35.63
active,15.295027080751776,5,26,2,0,android,search,recommendation,0,24.56
active,29.52598943606957,3,2,8,6,ios,product,notification,0,29.81
active,24.483872598759806,5,11,21,5,ios,content,notification,0,29.35
active,8.333398326565817,3,29,22,6,android,home,home,0,25.27
new,7.790254137109898,5,6,9,2,android,product,search,1,20.47
new,28.79561064984798,6,9,11,6,android,content,recommendation,0,23.32
churn,10.735486450444732,11,14,12,3,ios,product,notification,0,14.46
churn,32.138411062165204,3,21,19,1,android,content,search,1,30.57
active,6.621828354753191,6,7,18,2,ios,home,notification,1,26.12
active,24.364384276997495,3,24,12,5,android,search,home,0,32.96
churn,28.87763790902082,8,7,8,5,ios,search,recommendation,1,37.21
at_risk,9.763460817716286,8,11,8,5,android,product,search,0,12.88
at_risk,11.114842994066679,4,17,15,1,ios,search,recommendation,0,15.14
active,33.82912324259365,1,0,20,4,android,search,recommendation,0,38.45
active,10.731720976423222,3,23,1,6,android,content,search,1,18.08
new,16.188582646701576,4,20,18,0,android,home,notification,1,15.85
churn,16.27301457699808,4,25,11,2,ios,content,notification,1,11.91
active,10.350146747679558,4,8,3,0,ios,home,notification,0,19.08
new,27.601105852423988,5,12,2,0,android,search,home,1,28.57
active,27.471028326562124,6,27,8,6,ios,product,search,0,37.37
active,14.484494469384925,8,2,5,1,ios,content,recommendation,0,35.65
new,29.559151105664213,3,15,2,1,ios,content,notification,1,32.57
at_risk,9.03147283516708,4,15,7,0,ios,home,search,0,9.74
at_risk,2.142090597033395,4,13,20,6,android,product,recommendation,1,22.72
at_risk,20.848522947839456,8,13,17,3,ios,search,recommendation,1,27.58
active,34.804566490928494,2,23,5,5,ios,content,home,0,32.26
active,3.275262224287192,6,6,16,1,ios,content,notification,1,33.16
active,8.863936432379198,3,27,10,4,android,home,search,0,5.34
active,19.124183202073777,2,27,17,6,ios,search,recommendation,1,21.2
new,28.728044302680733,5,5,5,4,android,content,search,0,30.23
active,4.938386167476756,3,30,1,3,ios,content,home,0,13.32
new,15.042743574043513,8,8,7,1,android,product,search,0,15.62
active,26.65350142078625,2,1,23,1,android,home,recommendation,1,31.43
active,14.260925877409932,4,12,13,4,ios,search,search,0,18.85
new,8.231601875696086,5,24,1,3,web,content,notification,0,18.22
new,8.451362304087382,2,26,23,0,android,product,notification,1,19.08
active,15.531609968194811,5,20,19,1,ios,home,recommendation,1,39.24
new,17.820763468594407,2,25,13,3,ios,search,notification,1,11.09
churn,30.43987578792846,2,8,17,1,web,home,notification,1,16.96
active,23.194329812743785,3,27,4,3,ios,search,recommendation,1,24.38
active,24.783264499011548,5,19,14,2,android,search,notification,1,38.2
active,34.43857666068493,3,4,21,2,android,product,recommendation,1,47.38
new,15.590833529932134,5,3,10,0,ios,content,notification,0,22.61
churn,15.310695307221234,2,8,0,3,android,product,home,1,15.37
active,32.4704499349518,4,2,18,1,web,product,search,1,41.82
at_risk,10.113894371166936,4,8,17,4,web,search,notification,1,11.98
new,26.0839031279946,2,30,17,6,web,product,search,0,23.74
active,26.900913561198443,4,7,15,6,android,content,home,0,33.4
active,5.227003915699622,1,19,3,4,ios,home,notification,0,9.06
churn,17.45163638788827,4,30,2,5,ios,search,recommendation,1,20.91
active,8.618561553611283,3,7,19,6,android,home,notification,1,26.07
active,8.117384002482027,14,21,20,4,android,home,home,1,32.05
active,17.306327645274912,10,13,1,1,android,home,home,1,30.84
active,11.551180347766143,5,8,13,3,android,product,recommendation,1,34.22
active,28.26999477165374,3,29,12,5,web,content,home,1,33.92
active,31.95096141588592,4,20,8,4,web,content,recommendation,1,35.55
new,28.489779974516065,3,13,15,2,android,home,search,1,27.38
at_risk,10.779018796514952,3,25,21,1,ios,product,home,1,17.6
at_risk,11.046434991724077,4,27,19,1,android,search,notification,0,16.75
new,10.406035553876425,1,24,3,2,android,search,home,1,16.43
active,6.456257169855791,10,26,11,5,android,product,notification,0,22.29
new,33.14534614742247,4,9,22,3,ios,product,home,0,34.51
active,15.267577339183289,6,10,5,0,ios,product,recommendation,1,25.09
active,9.414752660013832,3,7,20,6,web,home,notification,0,25.21
active,29.940144666772035,1,21,11,2,web,search,home,1,28.9
at_risk,15.173444987707086,6,24,12,2,android,search,notification,0,22.6
at_risk,3.158854766618997,2,20,6,5,ios,home,search,1,8.93
new,7.344071818237829,1,18,22,2,android,home,recommendation,0,17.61
churn,23.09526123175361,6,23,12,4,android,search,notification,0,9.43
new,27.83587404766689,2,5,13,6,ios,home,home,0,23.36
new,8.960834820127527,6,11,11,3,android,product,search,0,12.51
active,32.274054445782696,2,21,2,4,android,home,notification,0,41.78
active,30.082904961721425,5,1,18,2,android,home,home,1,36.72
at_risk,29.996564884015672,4,28,7,6,android,content,home,0,24.59
at_risk,9.512817844374066,2,5,5,0,web,product,search,0,13.39
active,3.6676876254519044,8,24,18,1,android,product,recommendation,0,18.45
churn,30.62497680292526,3,19,4,6,ios,home,notification,1,21.73
active,12.091407548372723,4,26,16,3,web,home,recommendation,1,26.75
active,22.424240578726355,3,24,11,1,ios,content,search,0,26.62
active,27.078907162124093,5,15,19,2,android,content,notification,1,28.6
churn,6.233677530866966,4,23,1,1,web,content,home,0,3.32
new,27.76766569912858,3,10,18,3,android,content,notification,1,36.65
new,32.970878145715176,2,18,5,1,android,home,search,0,26.73
active,26.036373869631497,5,28,20,2,ios,content,search,1,40.49
churn,16.560350699858418,6,2,8,6,android,search,notification,0,14.91
at_risk,30.930378578806195,5,11,0,0,ios,product,recommendation,0,35.97
at_risk,19.406101792394445,3,0,11,5,android,search,search,1,23.81
at_risk,26.577440617952888,8,16,1,0,ios,product,search,1,35.7
at_risk,29.076696147333934,5,24,6,3,ios,content,search,0,23.81
active,26.728644436067196,5,1,17,4,web,content,notification,0,26.36
active,11.499210909589081,4,17,13,6,android,product,home,0,26.83
at_risk,5.888848729892425,4,12,17,1,android,search,home,0,7.66
active,9.865171468947985,4,24,21,0,web,product,search,1,23.31
active,18.59487292035166,1,6,11,5,ios,search,search,1,22.22
new,18.674138435672162,3,5,13,6,android,home,notification,0,29.28
at_risk,21.22726352737974,2,2,1,3,android,product,home,0,17.31
active,15.038360639080398,6,12,6,0,ios,home,notification,1,35.45
churn,27.967415587850912,5,15,17,3,ios,search,notification,1,21.53
new,32.134073761457856,3,28,1,2,ios,product,search,0,19.97
new,10.141926764822552,2,14,8,3,web,content,notification,1,23.2
at_risk,26.305266184162303,3,5,3,0,android,product,notification,0,24.08
new,24.373071133986475,2,21,20,2,android,content,notification,0,24.27
new,19.261986476217395,1,1,13,6,ios,content,search,0,16.57
active,8.221497717847289,3,10,15,0,web,home,search,0,16.46
at_risk,28.242664533229416,4,20,16,6,android,content,notification,1,30.81
new,33.700667425751476,6,7,5,3,ios,search,search,1,27.24
active,25.820598963709244,2,18,1,4,android,product,home,0,25.01
at_risk,32.28937988864922,2,14,9,6,android,home,recommendation,0,26.52
churn,34.47811374328399,4,29,4,1,web,product,search,1,24.18
active,13.617672249894861,3,8,7,6,android,product,notification,1,35.87
new,23.06137724656912,3,28,7,1,android,content,notification,1,21.74
new,17.639780342056575,3,19,18,2,ios,content,home,1,19.95
new,34.55874864648659,2,23,7,3,android,content,notification,0,39.46
new,5.0956581922549224,3,5,3,4,android,product,notification,1,14.36
active,15.608372171808412,9,0,23,2,ios,content,notification,1,34.54
new,30.892788469398795,3,22,1,5,android,home,search,1,26.1
active,11.373693247375009,5,14,4,0,ios,content,recommendation,0,25.58
active,27.9971640710828,4,9,8,4,android,home,notification,0,32.37
active,14.631844371748437,8,27,1,4,android,search,notification,0,29.07
new,34.33929181637522,7,10,21,3,ios,content,search,0,37.38
at_risk,31.15648460198235,5,13,8,4,android,product,recommendation,1,37.53
at_risk,11.943571802866305,3,22,18,5,web,content,search,0,22.22
at_risk,27.416372746749218,4,29,3,6,web,product,search,0,23.52
new,13.116265946497867,4,27,12,1,web,product,recommendation,0,19.34
new,22.00997372711266,4,20,3,3,android,home,search,1,26.76
churn,23.729865356978635,3,3,5,3,android,content,home,0,13.77
active,29.376648499828264,4,3,9,2,web,product,recommendation,1,51.84
active,2.806877749106491,6,21,20,6,ios,product,search,0,20.14
active,9.26521040802589,9,15,7,3,ios,search,recommendation,0,25.74
active,25.493287749423096,9,4,18,4,web,content,search,1,36.96
churn,20.59626681999473,7,21,2,1,android,search,notification,0,11.8
active,18.354967580637723,1,29,6,2,android,home,notification,0,24.66
churn,3.821928571363355,6,2,14,4,ios,home,search,1,21.37
new,13.493104154228055,3,25,11,2,ios,product,recommendation,0,14.82
active,30.548307653051396,4,10,12,5,android,product,home,0,36.88
active,3.019463622189062,3,12,16,0,ios,home,notification,1,19.83
new,15.082395767038799,3,22,1,1,ios,product,home,0,19.34
new,33.1898934931355,5,7,16,2,android,content,notification,0,41.72
active,3.6790642399854825,1,4,20,2,android,product,notification,0,27.61
churn,26.740289784473013,8,29,18,5,ios,content,home,1,26.72
active,10.501216334007204,6,10,6,6,ios,home,home,0,26.27
churn,30.598091461071192,3,5,8,3,web,search,recommendation,0,27.72
at_risk,26.620243305659045,2,21,23,3,android,product,notification,1,23.47
active,31.228270638325974,5,6,18,2,web,search,recommendation,0,36.35
at_risk,9.125518084231778,2,24,22,3,ios,home,home,0,6.58
new,19.532660909013963,2,2,21,4,ios,search,recommendation,1,34.04
new,27.715908137968423,4,16,10,5,android,search,search,0,31.23
at_risk,10.108091518834373,4,12,3,6,android,home,notification,0,14.17
at_risk,9.61462807381816,2,29,5,4,ios,search,notification,1,12.43
new,2.897010405420306,4,16,7,2,android,search,notification,0,15.59
active,33.63100470118992,0,28,20,0,android,content,search,1,27.5
active,25.430557041802572,2,7,6,4,web,search,search,0,26.68
at_risk,22.9734916823361,4,14,8,5,android,search,notification,1,34.49
active,26.5518258489347,3,25,20,3,web,search,home,1,33.5
active,19.5432263169495,1,4,3,6,ios,product,home,1,25.08
active,17.712416095983542,8,28,15,2,web,search,home,0,25.56
active,16.83456395707619,2,23,13,0,android,content,recommendation,0,30.42
active,23.13449399942016,3,20,23,4,ios,search,home,1,16.61
at_risk,8.650654187948646,3,7,11,0,ios,search,recommendation,0,16.1
active,31.3059369354907,1,25,12,0,web,home,home,1,28.03
new,28.787828250235748,8,26,20,4,android,content,notification,1,26.63
new,13.535599177917117,8,9,23,3,android,search,search,0,20.4
at_risk,21.094106794813303,4,18,17,4,web,home,home,0,16.28
at_risk,6.653900898350482,4,1,16,5,android,home,recommendation,0,17.47
new,34.08742618180874,4,12,21,2,ios,search,search,1,32.14
new,31.795458691799357,1,4,23,4,android,content,search,0,22.48
active,32.42261771447362,7,17,17,3,android,home,recommendation,0,31.65
new,12.961380574213903,3,17,7,4,ios,home,notification,0,11.4
at_risk,7.58144534363424,4,16,15,4,ios,product,notification,1,18.98
active,8.988481394388241,4,20,5,2,ios,search,search,1,22.26
new,4.970045904487965,8,28,12,3,ios,content,notification,1,16.53
churn,5.963650793345684,2,6,10,4,ios,content,home,1,5.1
new,4.353049628099898,5,6,23,0,web,product,notification,1,15.71
active,34.664161283760826,3,6,13,1,android,search,notification,0,39.39
new,4.443903551179428,1,28,23,0,android,product,recommendation,0,12.16
new,6.373888671396649,2,2,19,1,android,product,recommendation,1,20.09
new,29.299401654494304,8,0,20,3,ios,search,recommendation,1,28.24
new,21.147927152517124,2,4,4,6,android,search,home,1,21.41
new,27.555767750787968,6,23,18,6,ios,content,notification,1,31.97
new,22.820096256497614,5,17,6,5,android,product,recommendation,1,26.54
active,31.111777320855285,3,28,13,3,ios,search,notification,1,30.9
active,23.069428416236438,2,6,11,1,web,content,home,1,34.87
active,19.23012806580398,3,12,6,2,ios,search,notification,1,28.58
active,25.52073989412289,2,17,23,5,ios,home,search,0,32.9
active,16.76396080913961,5,2,21,6,android,content,notification,0,27.83
at_risk,13.420106155856246,3,28,13,6,ios,content,notification,0,13.92
at_risk,17.432530930857013,5,24,0,2,android,search,notification,0,7.82
new,7.600565468252502,5,4,4,3,web,content,notification,0,15.52
new,28.28686708348882,6,26,5,3,android,search,home,0,18.62
new,10.603224784086173,2,13,23,0,android,product,search,1,21.98
new,7.0665410291225665,3,10,9,0,android,home,search,1,15.89
active,10.129623978846483,0,29,1,0,ios,product,recommendation,0,23.22
active,29.788315008483913,0,16,14,5,web,home,notification,1,31.17
new,12.896642754725136,3,7,22,1,android,home,recommendation,1,19.88
active,24.639645693694707,3,25,13,4,android,content,recommendation,0,26.11
active,30.261517811639397,2,22,10,2,android,home,notification,1,33.19
new,4.56557400852639,7,5,4,5,web,search,home,1,27.04
at_risk,27.245805370875416,2,20,21,0,web,content,recommendation,1,31.96
new,12.15296039050799,4,19,2,2,android,content,recommendation,0,17.34
churn,9.14853801807341,3,8,22,1,ios,search,home,0,10.07
new,24.73374793094808,6,13,5,3,ios,home,recommendation,1,29.66
at_risk,32.02328855019671,3,26,3,3,ios,search,notification,0,32.06
churn,11.735633887509048,4,5,8,1,ios,product,notification,0,18.86
churn,20.77151557768253,5,22,0,4,ios,search,notification,0,16.51
at_risk,11.56452575703322,2,25,0,6,ios,product,notification,0,13.9
at_risk,20.291424328972123,7,29,4,0,android,content,search,1,23.55
active,22.52144701159324,4,10,16,0,android,product,home,0,30.89
at_risk,22.141067830075933,5,8,19,6,android,product,notification,1,28.99
new,22.577030198210615,5,28,5,4,android,product,search,1,19.21
active,6.4576331431782945,1,14,15,6,android,home,recommendation,0,25.22
active,24.886835496361744,3,17,8,4,web,product,home,1,30.72
at_risk,24.266761760547368,4,15,10,5,web,content,notification,1,31.74
active,24.525408033157145,3,15,8,1,android,product,notification,0,36.98
active,4.444328240377309,4,19,21,3,android,content,notification,0,23.9
active,16.745681799667036,4,13,12,2,ios,content,home,1,29.59
active,15.498159357509081,6,12,12,5,ios,search,notification,0,42.83
new,4.861478960225572,3,12,20,0,android,search,recommendation,1,20.34
active,9.338141620594753,4,20,15,0,web,content,home,1,17.51
active,16.551766849335213,2,25,3,3,android,search,recommendation,0,22.53
new,26.515908225316714,4,17,4,6,android,product,search,0,32.7
active,9.823048540493886,2,21,8,6,ios,product,recommendation,1,20.49
active,29.38174703412208,0,12,2,4,ios,home,home,1,26.7
active,20.01134342940229,5,23,16,3,android,search,recommendation,0,33.7
active,27.093915611092378,5,12,11,1,ios,search,recommendation,1,36.28
active,17.594347450116285,3,13,1,6,web,home,recommendation,1,31.12
active,18.47340943893337,4,1,9,1,android,content,notification,0,34.76
churn,22.450739849528127,3,8,19,0,ios,content,recommendation,1,23.61
churn,32.6230300694722,4,22,21,3,android,content,recommendation,1,24.45
active,18.229815186626027,8,2,23,2,ios,home,home,0,23.26
active,19.445698757573602,4,6,22,3,android,search,notification,1,36.42
active,21.865899796408474,3,24,14,6,android,home,search,1,29.78
at_risk,26.337999530824952,7,27,22,1,android,home,recommendation,0,24.75
active,4.371061071045732,6,12,22,6,web,product,recommendation,0,23.26
at_risk,19.01768547122508,3,12,15,1,android,content,notification,1,20.9
active,17.892522443799436,4,15,9,2,web,home,search,1,31.8
active,32.41560447983982,4,23,23,0,android,product,search,1,31.5
active,18.285717154399258,3,14,9,4,web,home,notification,1,24.35
at_risk,17.454577644912924,2,5,3,6,ios,content,recommendation,0,18.07
new,33.75259962164517,3,13,2,6,android,home,search,0,26.63
active,16.86902329882909,0,7,13,1,ios,search,search,1,26.25
at_risk,7.9691862006289815,2,21,0,5,ios,home,notification,1,22.76
new,9.158232052591014,7,4,2,0,ios,search,notification,0,19.52
active,5.141188765120146,4,18,5,4,android,search,home,0,15.9
new,2.0187482655451667,5,4,12,4,ios,product,search,0,16.58
at_risk,16.254206813015905,5,30,11,1,ios,content,notification,1,22.11
new,27.385005182841308,2,19,12,0,android,content,home,1,22.26
churn,26.204392612394585,3,4,12,0,ios,search,home,1,31.59
new,3.0609198974940566,1,29,23,4,android,content,home,0,5.3
churn,20.809435818603085,6,17,5,4,ios,search,recommendation,1,23.37
at_risk,7.091343138644708,5,18,11,0,ios,home,search,1,15.3
active,33.05551739723501,6,1,14,3,web,product,search,1,42.85
at_risk,7.523044988257916,5,5,6,5,android,product,home,1,25.28
at_risk,22.67909418401689,2,25,4,1,android,search,recommendation,1,19.4
churn,12.765865951413874,3,14,1,4,android,product,notification,0,14.96
active,23.171523756823625,5,19,7,2,ios,search,home,0,28.01
active,15.60453368331448,3,30,6,1,android,home,recommendation,0,27.12
new,27.068220726111026,2,13,4,2,android,search,notification,0,22.09
active,9.612411135819308,4,11,6,2,android,search,recommendation,1,25.12
new,31.891131146170583,5,24,16,3,web,search,recommendation,1,34.92
active,18.50691842734062,2,2,19,1,android,content,home,0,31.18
active,26.951073874524145,4,14,12,2,ios,search,notification,0,27.32
active,30.041096316240495,1,26,1,4,android,product,notification,1,37.85
active,34.96134416150856,4,7,17,2,android,home,recommendation,0,42.21
at_risk,9.390206964600623,7,9,3,4,android,search,notification,0,15.94
at_risk,11.46744964759401,6,14,1,0,android,content,recommendation,0,17.62
active,10.264291862152312,5,2,13,0,ios,content,recommendation,0,29.98
active,10.674753961272827,0,2,10,6,android,content,notification,1,29.5
churn,21.220676470799454,1,7,7,3,android,home,home,0,5.72
new,34.78624326381282,2,27,23,4,android,content,home,1,29.41
new,34.6791768740609,8,6,2,5,android,search,home,1,39.97
new,19.383516634956155,4,22,1,1,android,home,recommendation,0,10.1
active,23.087897938734237,3,13,14,6,android,home,home,1,31.68
active,30.379027942152998,5,23,10,2,android,content,search,0,35.86
at_risk,32.78680412896567,2,10,19,6,ios,product,search,0,33.03
active,8.727400701874949,6,27,0,2,web,product,recommendation,1,29.61
active,19.441877055100946,3,11,10,2,ios,content,recommendation,1,31.57
at_risk,29.483622803829903,5,24,3,4,android,home,home,0,16.85
at_risk,12.005668528941523,4,25,0,1,web,home,recommendation,1,8.96
active,16.5136984018554,7,13,11,4,web,content,search,1,35.8
active,34.525496349896265,2,20,17,6,ios,product,home,0,37.29
active,34.50654099178874,2,3,3,4,android,content,recommendation,1,47.63
new,31.901524755250993,4,15,20,0,ios,product,search,1,29.64
new,28.3487953793259,2,11,12,4,web,home,search,1,28.98
churn,10.88130652385259,4,29,11,0,ios,product,notification,0,1.73
active,12.588052444217187,4,28,22,0,ios,content,home,0,19.25
active,20.060333759760866,5,24,7,1,ios,home,notification,0,26.13
at_risk,20.5056533605464,2,29,4,2,web,home,search,1,19.06
active,18.68159303878321,5,30,18,0,android,search,notification,0,34.74
churn,23.0101192372381,4,23,2,0,android,search,notification,1,17.23
at_risk,15.47465974688863,4,18,20,5,web,product,notification,0,17.74
active,26.722747191412587,6,6,19,3,android,home,home,0,30.89
active,13.007147573785726,4,25,23,1,android,content,notification,0,19.35
churn,12.912340899229633,5,6,11,3,android,home,search,1,24.85
at_risk,6.198456742430324,5,5,14,4,android,home,notification,0,16.35
churn,8.227502930954335,2,27,21,5,android,content,notification,0,16.12
new,30.067189004404803,8,3,3,2,ios,search,recommendation,1,35.82
at_risk,16.72731717315457,2,4,7,1,android,product,notification,1,20.87
active,9.519636956243515,4,15,11,6,ios,search,recommendation,1,31.07
new,27.058256300738783,6,18,15,4,android,search,home,1,24.48
active,20.281377151956363,4,1,16,6,web,product,notification,0,31.17
active,2.698148376968685,4,11,22,2,ios,content,recommendation,0,21.45
new,12.4399280921116,7,6,11,0,web,home,home,0,16.07
active,7.841046567004255,4,9,4,2,android,content,home,0,21.05
at_risk,23.643804412433738,3,5,4,2,android,home,recommendation,1,22.87
active,11.076024340798345,3,20,19,5,ios,content,notification,0,27.66
active,4.14324371392814,2,14,11,5,web,content,recommendation,1,26.06
active,3.8128546435230857,3,29,15,0,android,content,search,0,13.73
active,21.197000832637592,5,0,13,4,ios,product,search,0,27.32
churn,2.7168740382349577,4,24,19,2,ios,content,search,1,10.33
at_risk,30.010139733490927,3,28,5,4,android,content,search,0,19.64
new,7.128104935490096,2,15,4,2,ios,product,search,0,11.34
churn,22.016689061449185,5,21,17,3,android,content,home,0,21.18
at_risk,16.674704924354607,4,13,10,5,android,search,recommendation,1,18.79
active,16.614100200652786,2,18,19,2,web,content,home,1,38.08
at_risk,4.369305697881513,5,28,3,1,ios,content,home,0,7.92
new,28.490824257003116,3,16,6,4,ios,product,search,1,28.75
churn,31.470731996857335,5,17,23,6,ios,home,notification,1,23.26
active,2.3635500236795393,7,30,20,3,web,home,recommendation,1,29.26
active,7.893937798004885,1,15,1,6,android,home,search,1,19.86
new,31.828838230250803,3,5,19,1,android,product,recommendation,1,35.54
at_risk,20.13328922240192,5,21,1,5,android,search,recommendation,1,23.26
new,6.951306082190934,3,21,2,6,ios,content,search,0,12.09
new,8.692084936102242,5,7,21,2,ios,search,notification,1,23.61
new,23.779546059824767,4,22,3,1,ios,home,recommendation,1,26.71
at_risk,25.91895513414681,3,1,7,4,android,product,home,1,25.92
new,21.781084683137863,2,9,3,6,android,home,notification,1,21.71
churn,33.45389653711335,4,26,14,0,web,content,home,1,20.36
active,18.30409892083864,3,19,1,4,web,home,home,1,22.87
new,11.908973100703381,5,18,6,6,android,search,search,1,21.69
new,17.748686029201284,4,19,7,0,ios,content,search,0,21.75
new,13.868987690998162,3,5,15,3,ios,product,notification,0,22.28
active,9.405724458264649,5,29,11,0,ios,content,recommendation,1,25.68
at_risk,3.516787228224622,8,9,4,1,android,search,home,0,13.95
new,13.623012287649098,1,24,11,3,ios,content,search,1,14.87
at_risk,25.476508474421497,3,30,11,2,android,product,notification,0,11.59
new,2.608447494881396,6,7,8,0,android,product,recommendation,0,15.88
at_risk,16.492890935795845,4,19,12,5,ios,home,recommendation,1,21.06
churn,23.252310247845656,5,1,7,1,android,content,recommendation,1,22.58
at_risk,22.14333560275214,5,19,8,6,android,home,recommendation,1,24.32
active,27.629398384327626,4,13,18,1,android,search,home,0,33.69
at_risk,28.747150616773318,1,2,6,3,android,product,recommendation,1,24.76
new,25.4862920903398,8,20,7,5,ios,content,recommendation,0,28.78
new,5.392323972776731,3,30,3,3,android,product,home,1,17.44
new,17.6757406521439,2,2,16,2,ios,search,recommendation,0,14.88
active,21.912396597091085,0,27,16,5,web,search,home,0,22.02
at_risk,10.103679280711903,6,26,16,0,android,content,home,1,10.23
active,3.404209982343625,5,16,4,5,web,search,notification,1,19.16
at_risk,9.378480588909548,4,27,10,4,android,content,search,1,12.79
new,17.01151525717708,1,9,7,5,android,home,search,0,13.15
at_risk,15.659700528801828,1,22,18,2,android,product,recommendation,1,24.26
new,7.830010383796334,4,21,8,2,android,product,recommendation,0,21.74
active,29.205712908555263,3,17,9,4,android,product,recommendation,1,40.92
at_risk,32.54766006831191,5,25,10,4,android,search,notification,1,32.44
churn,8.644494528739603,7,27,18,6,web,product,recommendation,1,14.09
active,32.675906213718314,2,24,16,6,ios,search,home,0,30.24
new,2.589411652780967,1,18,19,0,web,product,home,1,14.42
active,32.5237615993292,2,30,10,1,ios,content,search,1,36.78
new,33.41365007266996,2,17,19,6,ios,product,search,0,38.91
at_risk,2.3977114795255314,5,19,20,2,android,product,search,1,19.23
at_risk,27.179636793632685,2,5,12,4,ios,content,home,0,27.1
new,34.01665189480483,2,9,16,0,android,home,home,1,40.36
new,31.894773220986686,3,28,21,0,web,product,home,0,26.94
new,34.03343531947503,4,15,20,2,web,product,notification,0,31.14
churn,20.1606756880221,4,15,6,5,android,product,search,0,18.19
active,4.579152616217813,3,25,17,5,ios,home,notification,0,12.59
at_risk,30.043043527566194,4,10,10,6,ios,content,search,0,28.33
active,22.25633244169738,2,8,3,1,ios,home,search,0,18.4
active,22.286312558213538,2,0,8,1,android,search,search,0,25.74
new,15.769369125336645,6,7,23,3,ios,product,notification,0,21.47
churn,20.870785225196602,5,15,22,3,ios,search,recommendation,0,26.43
active,7.068132709841779,10,22,18,0,android,home,home,0,29.14
active,26.412410876682962,6,10,23,3,ios,product,search,1,31.48
active,4.475571142600897,2,13,13,6,android,search,notification,0,27.8
active,26.082765312445137,4,6,18,1,web,content,home,1,38.32
churn,30.01628794662018,6,25,3,5,android,content,notification,1,28.29
new,17.59146635962811,4,16,7,3,android,search,notification,0,11.44
active,18.824402079882628,0,4,4,3,android,product,home,1,24.11
active,12.303071006428583,4,18,22,4,web,home,recommendation,1,34.22
active,33.99213326294439,4,10,14,4,ios,content,recommendation,1,43.28
new,26.193107660464996,1,26,22,4,android,home,notification,0,22.35
new,14.176622258911383,3,8,9,0,android,content,notification,0,19.85
active,7.768643745689167,3,26,9,2,ios,content,home,1,13.08
active,9.246126542669014,4,21,16,5,android,search,search,1,22.75
active,17.30943544163165,4,4,13,0,android,content,notification,0,35.06
active,33.10475721037315,6,23,8,5,web,product,search,0,41.55
active,26.226829410110298,3,22,7,3,android,product,home,0,27.24
active,9.103043689911944,9,14,12,0,ios,search,recommendation,0,34.45
active,30.365517402823635,5,4,1,0,android,home,home,0,27.98
new,14.480617259319477,7,14,4,6,ios,product,home,0,16.96
active,30.106832030833115,2,18,1,0,ios,home,notification,1,41.01
active,9.976086733377322,5,4,3,0,android,search,home,1,27.62
new,22.41580019389848,5,10,4,0,ios,home,notification,1,24.35
active,32.5801261066823,2,21,1,4,web,home,home,1,31.77
active,10.510502301877207,6,17,1,6,web,home,home,1,21.71
new,24.866577489333213,4,30,19,1,android,home,recommendation,0,26.67
active,34.581316458585746,3,6,4,5,android,content,home,1,41.62
active,6.969743479019115,4,24,13,5,web,content,search,1,22.91
at_risk,4.917275593122255,4,13,2,1,android,content,search,0,5.69
active,24.248441350678934,2,6,22,0,android,home,recommendation,1,38.08
active,13.211286275718003,4,29,5,3,android,content,search,0,18.46
active,4.351067753097507,1,19,17,0,web,product,home,0,9.52
at_risk,17.68508539015894,9,16,15,0,android,content,home,0,27.23
active,26.87443242825054,3,9,18,3,android,content,home,1,46.48
active,11.409039213701229,3,27,15,5,ios,search,home,0,28.05
active,13.056546957669447,7,0,12,6,android,product,recommendation,0,36.45
active,29.90808022135008,0,3,18,4,android,product,search,1,35.81
active,19.162373104629108,5,5,19,1,ios,search,home,0,30.15
at_risk,29.810154970613578,2,20,9,2,android,search,search,0,22.72
at_risk,16.730853240742412,2,3,22,4,web,home,recommendation,1,23.17
churn,33.448180331483414,4,24,23,1,android,home,search,0,25.91
active,23.476221460685313,3,6,17,3,web,content,search,0,20.93
active,5.824662555535231,3,20,22,5,ios,product,recommendation,0,24.0
at_risk,31.208068611484425,4,24,2,5,android,product,recommendation,1,35.49
active,18.145751297416325,0,27,12,0,android,product,recommendation,1,22.56
at_risk,6.674085943105864,5,9,15,2,ios,search,search,0,10.92
active,7.038774416766883,4,2,22,1,android,home,search,0,25.79
new,24.68861985862577,5,23,2,3,android,content,notification,1,33.46
new,3.5632927220731627,3,13,19,1,web,content,notification,1,11.65
at_risk,11.457594242155839,4,29,1,6,ios,home,home,1,7.87
new,6.612990485505647,4,5,8,6,web,content,notification,0,13.58
active,16.55555517737038,3,17,16,2,android,search,notification,1,19.37
active,15.673674475813923,2,3,6,2,android,product,notification,0,19.15
new,19.221922344732246,4,15,20,3,ios,home,search,1,19.67
active,11.227998860383497,5,0,22,0,android,search,recommendation,1,39.01
at_risk,3.0574384494798474,6,23,3,6,android,home,home,1,10.53
new,22.27474151566113,1,18,6,5,android,content,home,0,20.67
at_risk,14.332694095117594,7,3,1,2,android,search,recommendation,0,18.42
at_risk,23.494054958421533,3,15,17,3,ios,search,home,0,21.33
active,5.586010036540859,4,13,21,2,android,product,home,0,29.74
new,2.454652724703661,4,20,14,1,web,content,search,0,5.73
active,10.19371018021466,1,15,3,2,android,search,search,1,28.02
new,17.066061658803722,4,14,4,0,android,product,home,1,22.62
active,15.00437514755942,2,25,0,5,android,product,notification,0,23.48
churn,28.73998432402439,3,16,11,4,ios,search,recommendation,0,23.64
churn,14.46864225836319,9,25,17,6,web,content,notification,0,19.8
at_risk,19.504558926901606,5,27,3,0,web,home,notification,1,27.76
active,21.586014550592342,1,26,20,4,android,content,recommendation,1,35.23
active,2.720435924311783,7,29,6,3,android,search,search,0,18.24
at_risk,18.999401435924238,4,21,12,4,web,home,notification,0,14.74
active,13.379431560161649,3,17,16,6,android,content,recommendation,1,34.23
active,15.902244213547403,5,16,12,2,ios,content,search,0,21.29
new,5.309484150343259,3,6,11,0,android,content,search,0,13.54
new,27.833078666405292,3,25,8,0,android,home,home,1,35.87
active,33.09934027668125,4,21,10,3,android,content,notification,0,23.55
new,2.7348710807768004,3,27,5,1,android,product,notification,1,12.03
new,21.84530117277448,3,21,7,0,web,content,recommendation,1,27.36
at_risk,27.206854220515815,2,14,18,1,ios,search,home,1,24.63
churn,11.39865042544635,6,9,21,1,web,content,notification,0,16.67
active,27.989334300486153,5,30,20,0,ios,product,home,0,32.5
at_risk,22.86771667528794,4,22,7,3,android,search,home,1,19.27
churn,32.66236686494531,2,27,7,4,ios,home,home,0,17.78
new,34.3731587746745,2,18,1,2,android,content,search,1,27.4
active,3.3974217619572586,7,15,6,0,web,product,search,1,31.52
active,16.682946113891205,6,1,14,4,android,home,notification,0,27.46
new,20.0505969900812,4,2,6,0,web,home,search,0,23.73
at_risk,6.8425266958525315,0,21,17,5,ios,content,notification,1,9.88
active,13.097432404102936,1,6,1,2,ios,home,search,1,27.27
active,34.59236577596324,5,2,9,2,ios,home,recommendation,1,46.45
new,2.5356050593015578,5,24,6,1,ios,product,recommendation,0,14.79
new,16.932761740304674,2,19,11,1,ios,content,notification,0,12.98
churn,29.807602516700474,5,3,0,1,ios,search,notification,0,20.61
new,12.688741669736519,6,15,10,3,android,product,notification,1,29.05
new,17.833350590920062,3,14,18,1,ios,product,notification,0,18.94
active,34.275509611003336,2,0,20,4,android,product,home,1,44.16
active,17.67093560369823,7,18,6,1,ios,product,home,0,22.71
active,6.320403300834468,8,12,10,3,ios,home,search,0,25.84
active,3.706809224990905,5,27,16,3,android,product,home,0,12.45
new,33.1987468905183,4,3,11,4,ios,home,search,0,24.28
new,10.771710638077167,4,26,13,5,ios,product,recommendation,1,17.96
at_risk,18.63410891663018,2,0,8,3,ios,content,search,0,17.02
active,4.993158280968964,1,23,20,5,ios,content,home,1,23.63
active,15.980618978169966,7,24,15,1,ios,home,notification,0,25.21
active,32.693482135254094,5,12,23,5,ios,content,search,0,33.12
at_risk,18.579628789820966,2,8,18,2,android,search,notification,1,23.11
new,34.04746000947682,6,4,8,4,android,home,recommendation,1,31.68
active,10.54157602883419,7,10,7,3,ios,product,recommendation,1,33.86
active,18.649992910229926,5,20,2,6,android,product,notification,0,32.69
active,30.364516129707734,6,22,14,1,android,search,search,0,32.14
at_risk,16.792327700273546,4,5,17,3,android,product,home,0,19.46
active,11.223083327816257,4,0,8,1,android,product,notification,0,33.29
at_risk,30.230686992790094,3,17,0,4,web,home,recommendation,1,27.51
at_risk,14.866352472796097,5,18,19,0,android,product,search,0,14.88
active,19.513868604987724,5,30,5,2,android,search,recommendation,1,32.47
churn,34.22539319169981,3,23,13,0,web,home,search,0,14.66
active,8.153948726943508,4,17,1,2,web,search,notification,1,21.32
at_risk,11.946221011766127,6,18,1,3,android,content,recommendation,0,16.59
active,3.025296802304718,4,20,21,2,web,product,search,0,15.9
active,14.93064442703174,1,14,16,2,android,search,recommendation,0,22.86
active,8.606053209300365,6,21,0,1,ios,search,notification,0,24.86
new,24.441152868460417,6,6,2,5,android,content,search,0,33.67
active,7.983608139273128,3,25,11,5,android,product,notification,1,27.05
churn,24.2688208293937,2,26,16,3,android,content,home,0,15.61
active,10.694689130247484,4,13,10,0,ios,product,home,1,22.8
new,13.722188525999593,4,14,20,0,android,content,notification,1,13.43
active,13.512401517531117,3,15,15,4,ios,product,recommendation,1,30.04
new,25.65280775539911,4,25,14,6,ios,search,home,1,14.72
new,17.394805683565323,4,5,6,6,android,search,recommendation,1,19.13
churn,13.92286366213854,2,10,16,2,web,home,search,1,11.45
active,30.136549728301844,6,19,20,3,android,content,search,0,38.35
active,20.87437064615969,3,21,1,1,android,content,search,0,23.85
active,9.056417102173928,6,9,17,0,android,product,search,1,32.84
new,31.703012178741528,0,3,21,5,android,search,notification,0,32.93
active,13.30745976911014,4,15,10,2,android,home,search,1,23.0
at_risk,3.286319458731573,4,19,18,3,ios,product,search,1,20.32
active,18.321807391156945,3,23,8,2,ios,home,notification,0,30.08
churn,6.089955796548967,6,0,4,2,android,product,recommendation,0,17.44
active,9.869392642619504,2,0,19,6,android,search,home,0,21.94
active,26.654658798684565,2,11,7,5,ios,content,recommendation,0,33.2
at_risk,6.314809841418513,4,17,18,4,android,content,recommendation,1,13.69
churn,28.62915940368318,3,0,7,2,ios,home,recommendation,1,26.66
at_risk,32.91794050832147,2,5,9,5,web,search,home,0,22.17
churn,22.015559313462177,3,12,16,2,android,content,search,0,15.18
at_risk,25.441853336753365,5,8,8,3,ios,home,recommendation,1,29.94
at_risk,25.548358126944773,4,22,19,1,web,product,recommendation,0,18.33
new,34.76266258992468,4,1,0,4,ios,home,recommendation,1,30.4
at_risk,13.270762652653554,5,27,0,0,web,search,notification,1,14.01
active,7.374266191009182,4,5,1,5,android,home,recommendation,0,25.04
active,19.132518752172608,9,13,6,4,ios,home,search,0,27.18
active,19.597243724446372,2,30,1,0,android,search,recommendation,1,26.15
churn,7.871112113772767,7,20,9,3,android,home,search,0,5.24
churn,22.232610826806603,2,30,0,1,web,content,search,1,8.87
active,2.466116204735191,6,0,18,3,android,product,recommendation,0,25.12
at_risk,32.61305728098931,4,22,3,0,web,search,search,0,22.9
at_risk,10.730951168101633,4,2,23,5,ios,search,recommendation,0,18.87
active,3.30548687687633,2,18,20,3,web,content,recommendation,1,25.08
new,5.572231568670283,4,10,16,2,web,content,notification,0,16.22
new,9.928215293228178,0,24,19,6,ios,home,home,0,15.51
at_risk,11.038903563999492,5,3,18,4,web,product,search,1,19.46
active,3.082729983425046,5,27,20,4,ios,search,notification,1,14.29
churn,11.218708802393062,1,14,13,1,ios,content,search,1,16.76
active,8.36707730428491,5,16,14,3,ios,content,recommendation,0,26.46
churn,14.494490605339113,3,17,11,4,android,product,recommendation,1,12.8
active,14.710535332746984,3,1,14,6,android,product,notification,0,29.65
at_risk,13.18725543989501,2,9,9,4,android,home,home,0,17.03
new,12.821488156513233,4,21,2,1,android,content,search,1,26.04
active,4.96113216546129,2,29,22,4,android,product,search,0,17.99
at_risk,2.8317632551633514,2,30,16,0,ios,search,recommendation,0,11.71
churn,8.669771905163397,3,16,16,2,ios,home,notification,1,4.46
at_risk,26.969431104748306,2,7,6,6,ios,product,home,0,23.92
new,34.69672226318703,4,14,18,5,web,search,home,1,33.7
active,32.64136377689186,3,14,12,6,web,product,notification,0,38.0
new,18.639238732746364,7,12,1,2,web,search,recommendation,1,35.05
new,19.55018724067183,3,11,22,4,ios,home,recommendation,1,28.73
active,12.381191778182805,5,26,23,4,android,search,home,0,15.53
at_risk,27.540001475042654,1,12,20,1,web,content,recommendation,1,25.18
at_risk,27.236970701777405,2,0,11,6,android,content,search,1,36.6
at_risk,29.86098780022067,2,22,5,6,android,search,recommendation,0,28.37
at_risk,31.551651047497185,1,20,0,0,android,content,home,1,26.77
at_risk,16.33352519143476,2,11,17,5,ios,home,search,0,14.65
new,27.306893747537522,4,19,21,3,ios,content,recommendation,1,34.72
new,28.611158050263995,3,29,2,4,android,content,recommendation,0,21.48
active,12.179167542425755,2,28,16,3,ios,home,notification,1,22.17
at_risk,32.66499405220295,9,24,0,1,android,product,notification,1,27.19
new,5.11326958710863,2,18,18,0,android,search,home,0,9.31
active,34.81088291238834,2,0,0,3,android,content,home,0,33.5
active,27.41299369924269,8,15,23,5,android,home,search,0,20.34
new,5.077939875702799,5,25,4,5,ios,content,notification,1,15.33
active,23.65557838746502,5,26,9,1,android,content,search,1,26.95
at_risk,3.1279205606325853,2,23,16,6,android,search,notification,0,6.93
active,27.416169331658036,4,30,20,2,android,search,home,1,32.61
new,28.374356414748824,4,16,8,3,ios,product,notification,1,36.63
at_risk,21.879538352017775,2,3,23,2,web,home,home,1,22.42
active,30.276392933246825,5,15,0,3,ios,content,notification,1,39.31
at_risk,5.23014824709037,2,9,11,3,ios,home,notification,1,14.04
active,11.105486787346836,3,25,23,4,web,home,search,0,21.41
active,15.667858212558126,3,24,6,3,android,product,search,0,23.86
active,3.4011124433272433,3,13,12,3,android,search,recommendation,1,23.15
active,16.791130889848482,4,12,10,4,ios,home,recommendation,1,33.38
at_risk,10.752044051714677,3,4,9,2,android,content,home,0,3.65
new,14.960255399357848,5,1,18,3,ios,home,home,1,33.85
new,16.028386855746113,3,9,12,0,ios,home,notification,1,27.58
active,31.02058720509361,5,7,17,6,android,product,notification,1,42.16
at_risk,10.92125202741209,2,8,12,0,ios,content,home,0,6.74
at_risk,31.49352324763698,5,30,23,6,android,home,notification,1,33.26
churn,16.057041838824027,5,21,11,5,android,search,notification,0,11.66
active,12.817654782901538,2,17,19,6,web,content,notification,1,32.18
active,18.58289762805982,2,5,14,0,ios,content,home,0,20.31
new,15.785528449973707,4,26,19,1,android,home,recommendation,1,33.59
active,10.49328633081982,1,19,21,0,android,product,home,0,14.03
churn,18.588417718270208,3,15,5,2,android,content,home,1,16.64
at_risk,7.009457191601432,2,14,7,6,android,product,home,1,4.4
active,13.613688119757882,4,17,7,5,android,product,search,1,27.25
active,20.67107723934499,3,26,11,4,android,content,recommendation,1,29.15
churn,15.642472064865332,8,22,11,5,web,search,home,0,20.53
active,29.189107914676285,6,15,0,0,web,home,home,0,29.92
new,10.471818130660486,3,20,21,5,ios,product,search,1,25.85
active,34.00246210142333,7,28,20,2,ios,product,home,1,35.72
new,27.895826688094594,6,10,14,4,ios,content,notification,1,30.41
new,33.93056985791658,4,27,7,5,ios,content,home,1,29.74
new,29.658506309400035,6,18,19,4,web,search,search,1,33.99
active,6.689429553104208,5,5,6,2,ios,content,search,0,23.89
active,19.373182990955453,9,29,7,4,ios,home,home,0,29.42
active,7.6092911994609285,7,21,23,3,web,content,notification,0,23.78
active,29.00150263669949,6,11,22,4,ios,home,home,1,41.12
churn,21.277350923048765,4,6,14,3,android,product,search,1,16.32
at_risk,10.693827373777891,5,28,4,2,android,product,recommendation,0,17.16
active,32.67676607623665,3,25,2,1,android,product,search,0,38.74
active,5.801139759370603,7,1,23,2,android,content,search,0,16.57
at_risk,20.607459314553363,3,19,6,5,android,product,home,1,23.98
new,25.79433830400194,3,3,16,6,android,home,search,1,31.22
active,3.9420017319702487,5,9,8,0,android,product,home,0,25.49
churn,21.729249095804718,1,17,11,1,web,search,search,1,18.36
active,28.924740110282105,4,7,23,3,android,product,search,0,33.87
at_risk,4.2284013757957615,2,15,14,4,android,search,search,1,11.59
active,18.904018046518694,5,13,10,1,android,home,home,1,24.77
active,10.53238687890842,5,18,9,2,android,product,notification,1,23.57
active,23.876506900718386,2,24,5,0,ios,home,home,1,20.42
new,5.9163531136018825,3,4,13,0,ios,search,home,0,18.45
active,32.92269721212673,3,24,13,1,android,product,home,1,36.05
new,31.526043196586148,5,6,2,5,ios,content,notification,1,31.53
at_risk,8.137155855898403,5,1,9,6,android,search,search,0,17.51
active,12.667774184048453,5,13,15,3,ios,search,search,1,30.67
active,21.39195416355042,6,9,1,1,web,search,notification,1,37.55
at_risk,25.696057108930265,5,5,23,6,web,product,home,0,22.08
at_risk,16.60764850028852,8,13,20,1,android,home,home,1,10.19
active,7.157613624712177,1,26,15,1,ios,product,home,0,16.1
active,5.436999295494762,5,18,0,0,ios,content,recommendation,1,21.37
churn,34.99225611817335,6,22,12,2,web,home,notification,1,29.44
active,17.02662000763508,6,4,21,5,android,content,recommendation,1,44.73
at_risk,30.79354772190044,5,2,0,2,ios,product,notification,1,36.96
churn,17.918408152760776,3,10,19,3,android,product,notification,1,28.69
at_risk,32.43780207201811,3,24,20,2,android,product,search,0,32.11
new,4.89605963146117,3,27,1,6,ios,content,home,1,21.1
active,5.7626333140401815,4,3,5,4,android,product,home,0,26.41
new,32.677862194899404,3,14,17,4,android,content,notification,1,37.78
active,33.2672704864779,4,12,21,3,web,search,recommendation,1,43.05
churn,12.38567576635699,2,23,18,3,ios,home,notification,1,7.14
active,13.720441270797771,3,6,12,6,web,product,recommendation,0,40.6
active,16.930857749547016,2,15,14,4,ios,home,notification,0,23.1
new,15.733335442220596,6,26,12,5,web,home,notification,0,24.57
churn,8.27149212666669,2,14,13,0,ios,home,notification,1,6.7
new,31.64638766999936,5,24,18,6,android,search,notification,0,35.62
new,10.359150823286242,3,19,1,6,android,home,home,1,4.84
new,25.2739895127625,4,18,5,4,web,product,recommendation,1,27.17
new,4.216137365254105,8,8,1,6,android,product,notification,0,18.36
active,3.2787939404381725,9,30,19,3,android,home,search,1,24.93
active,23.57310559503838,3,7,17,1,ios,search,notification,0,34.29
active,13.187523299917592,0,28,1,4,android,content,search,0,12.69
new,23.630159959760043,8,30,2,4,android,content,home,0,26.08
new,5.102699671571402,2,15,6,1,ios,home,recommendation,1,20.18
active,33.345095537223486,1,26,5,1,android,product,home,1,42.77
new,26.70097740747215,2,22,12,2,ios,search,search,1,26.11
active,30.916818689851375,3,22,11,3,android,search,notification,0,28.95
new,6.50352828346886,1,2,8,1,ios,product,home,0,6.04
active,12.56531197346469,3,4,3,5,android,content,home,0,33.85
active,14.155357418809356,4,2,15,0,ios,product,notification,1,32.77
active,19.726697394785013,3,0,18,6,android,content,notification,1,37.59
new,11.796660021744671,1,25,15,4,android,content,search,0,4.4
new,4.000814492250369,6,5,19,2,web,content,search,0,13.83
at_risk,14.172986564336533,4,0,21,2,android,content,notification,0,25.46
new,10.40012738270031,3,29,20,4,ios,content,recommendation,1,22.65
active,14.73540261828609,4,8,15,0,android,search,notification,1,18.95
active,8.499664906460865,1,25,1,5,android,content,home,0,20.63
active,10.64258036063627,7,29,8,3,android,content,recommendation,1,21.04
active,22.68942723426487,6,16,10,1,web,product,recommendation,0,39.47
at_risk,14.809076541076147,5,28,17,6,android,product,home,0,16.74
at_risk,13.397651974593238,5,30,20,4,android,content,recommendation,0,18.04
active,19.618885879838306,3,4,15,1,ios,home,home,0,30.16
active,27.47139784784955,6,4,8,4,android,home,notification,1,38.6
new,14.502642559482588,5,11,18,2,ios,content,recommendation,1,34.34
active,21.38814325434274,5,17,16,5,web,product,home,1,32.66
active,33.88468663714981,5,24,19,3,ios,product,recommendation,1,43.91
new,19.225343765895673,4,5,14,6,ios,product,home,0,21.87
active,32.02332002507897,3,5,15,6,android,product,notification,0,38.91
churn,28.19119660046209,8,9,8,0,web,home,home,0,30.17
new,3.93771649445494,3,8,9,2,ios,search,recommendation,0,11.63
active,16.160262758485477,1,29,6,1,android,home,home,1,23.12
at_risk,25.044507459663407,6,12,6,3,web,search,home,1,21.2
new,34.56149311079059,1,26,15,1,web,home,notification,1,17.12
new,17.126417608329916,5,1,9,3,android,content,search,0,23.44
new,5.061919986182401,0,3,3,1,android,search,home,1,13.26
churn,20.546302765524636,1,24,0,4,ios,product,recommendation,0,14.45
new,6.17660514009069,4,7,20,3,web,home,home,0,7.99
new,26.800145489219982,4,2,10,6,ios,home,recommendation,1,34.65
new,18.75334091623867,4,18,13,6,android,search,notification,1,24.94
new,25.873235156450455,8,4,21,4,android,content,recommendation,1,34.79
active,30.688940286991283,6,1,2,3,android,content,home,1,33.83
new,22.755284566371646,5,12,22,5,android,product,home,1,29.35
active,22.21049786535499,3,17,16,4,ios,product,home,0,29.31
active,26.900819749507832,7,16,15,0,android,product,recommendation,1,41.25
at_risk,29.801015047938023,4,18,10,2,android,product,recommendation,1,26.18
new,30.67877494714109,6,0,16,6,web,product,recommendation,0,37.01
at_risk,3.202196457535149,4,9,4,2,android,home,search,1,15.33
active,20.35427979432705,2,10,7,0,android,search,home,0,19.43
new,9.136887223319198,3,9,23,5,web,content,notification,1,20.71
at_risk,30.39141439579885,4,17,6,6,android,search,recommendation,1,37.7
at_risk,23.397123611710917,2,7,17,4,web,home,recommendation,1,19.47
active,15.867341808070458,7,19,22,4,android,product,home,1,36.63
churn,8.207439528004592,1,29,14,2,android,search,search,0,9.68
active,13.187779655354275,8,20,7,2,ios,product,search,1,27.05
active,25.22466391982741,3,12,20,6,android,product,recommendation,1,39.18
churn,8.74386499198408,4,13,19,6,ios,product,notification,1,22.48
active,5.0882371961663,3,18,13,3,android,content,notification,0,17.42
at_risk,31.304949021509184,3,22,2,2,ios,product,recommendation,1,18.86
active,27.218941536143856,4,9,10,1,android,content,search,1,34.82
at_risk,8.593232711718375,6,1,10,0,ios,home,search,0,17.02
active,11.646280933189725,1,21,4,3,ios,content,recommendation,0,25.66
new,34.07831584531923,3,20,9,3,ios,search,search,1,24.45
active,25.370088063050872,7,3,3,4,android,product,search,0,33.41
active,22.147226139056215,3,19,16,5,ios,home,notification,0,32.37
new,12.151740018996302,2,2,10,2,ios,product,recommendation,1,22.32
new,11.871129757495234,1,19,17,1,android,home,search,0,3.94
active,3.3042794167776055,6,23,10,5,ios,product,recommendation,0,28.45
new,26.039901607763735,11,0,17,5,android,home,search,0,31.99
new,3.4247824268771896,6,22,17,3,android,home,home,1,16.74
at_risk,2.160292146650208,2,3,3,0,ios,home,notification,0,2.13
at_risk,26.073337899412312,7,8,10,3,android,search,search,0,24.59
at_risk,33.31283398592114,4,21,17,4,android,content,search,0,28.24
active,26.964600575001246,7,11,14,6,ios,content,home,0,35.72
at_risk,17.5641262906045,7,30,5,3,ios,home,notification,1,14.11
active,18.03949323550881,5,29,19,3,android,content,recommendation,0,20.25
new,16.392501947420477,3,30,4,2,android,product,search,1,24.21
new,12.71324101464101,5,3,23,2,android,search,recommendation,0,22.7
active,19.216569068132728,3,5,16,0,ios,content,search,0,33.05
new,16.2279815856568,7,5,7,0,ios,home,search,0,25.14
active,21.739540041345567,3,18,4,5,ios,home,search,0,29.6
churn,31.637962656536118,0,13,21,2,ios,home,home,0,18.56
new,34.83531077168574,1,23,12,5,web,home,notification,0,28.62
new,4.598528566136265,8,8,19,2,android,search,notification,1,28.17
churn,14.694554597824267,7,6,19,6,android,home,notification,1,23.97
active,7.9633044603047125,0,20,1,1,android,home,search,0,22.58
new,13.619975639542613,3,19,16,1,android,search,notification,0,8.28
at_risk,11.48660961209796,4,21,8,4,android,product,search,0,5.55
at_risk,7.759725343684014,1,9,21,5,web,content,notification,1,23.88
active,27.214509762902587,4,16,5,1,android,home,home,0,25.12
active,18.377528513364783,5,28,0,3,android,product,search,0,33.56
active,32.33510421316845,2,18,15,1,ios,home,recommendation,0,39.73
new,3.075550627151478,2,28,13,5,web,content,notification,1,19.79
active,4.210274433355668,5,13,13,3,android,search,search,0,21.83
active,15.308028236701356,5,1,6,4,ios,content,search,1,26.5
active,4.649151573333225,4,23,11,1,web,content,notification,0,10.49
at_risk,10.670076681689507,3,14,23,2,android,search,search,0,18.45
new,34.53898152152858,3,1,18,4,ios,search,recommendation,1,31.85
active,8.895667046992264,1,4,23,2,android,search,search,0,25.92
new,8.537885466598993,7,9,7,4,android,search,home,1,21.5
at_risk,20.9301420702584,4,5,20,1,android,search,search,0,22.8
active,18.43394359617417,6,21,9,2,android,product,recommendation,1,34.7
active,21.15446380769388,4,18,22,0,ios,search,home,0,30.52
active,14.43226418088204,6,10,20,0,web,content,home,1,30.96
active,29.283157876533252,3,2,3,1,android,search,notification,1,42.79
active,6.573158197601273,3,2,23,3,ios,search,home,1,27.96
at_risk,16.136957312768367,1,29,14,1,android,search,home,0,10.69
active,24.76214099865487,3,10,18,0,android,product,recommendation,0,33.41
at_risk,30.65180252933569,8,3,13,6,ios,home,recommendation,1,43.11
churn,14.195863009773003,2,22,5,3,android,search,home,0,1.0
active,20.735604770093843,7,26,23,5,ios,search,home,0,30.29
active,4.28161818523963,3,3,2,5,android,product,notification,1,28.02
new,7.620529907690355,3,29,19,0,web,home,recommendation,0,11.02
at_risk,4.2815593613817775,5,22,5,4,android,search,recommendation,0,16.16
active,26.02006943595122,9,7,18,6,android,product,home,1,43.06
active,11.505978967830643,5,24,10,3,ios,content,home,0,18.65
new,25.883594576330644,7,13,5,6,ios,search,home,1,34.16
at_risk,4.191143208428061,1,19,5,6,android,content,notification,1,7.68
active,30.46407741347474,5,3,7,3,web,product,notification,0,40.79
active,29.572496537666023,4,7,21,0,android,content,recommendation,0,31.87
new,4.934648520659327,3,23,18,4,android,home,recommendation,1,18.26
churn,2.783964713087155,3,24,16,6,android,content,home,0,5.04
new,3.857530828405709,7,0,15,4,ios,search,notification,0,13.76
new,30.16979571384222,5,6,10,5,ios,home,recommendation,1,37.12
at_risk,9.74521513871256,4,18,21,3,web,home,recommendation,1,19.65
churn,20.093019489320227,5,28,6,2,ios,product,notification,0,19.61
new,16.066058704941874,4,20,22,6,android,product,home,0,24.14
active,28.252342365543868,2,21,9,1,android,home,search,0,29.34
at_risk,18.13364394853213,3,12,8,3,android,content,home,1,21.42
at_risk,18.5218077418219,1,1,11,1,ios,search,search,0,14.79
active,34.64003400349678,3,23,17,4,android,product,search,1,34.34
active,6.954275372725484,4,24,17,6,ios,product,search,0,20.73
at_risk,29.413229978615735,7,13,18,6,ios,product,recommendation,0,34.89
at_risk,3.707741604928198,8,15,2,1,ios,product,search,1,20.45
at_risk,17.762409395908037,2,7,3,5,android,content,home,1,22.36
active,31.249049189789776,5,14,20,6,android,product,home,1,43.25
new,23.952060864936,1,7,23,5,web,content,recommendation,1,23.87
churn,24.612082439082386,1,13,3,3,ios,content,recommendation,0,24.03
at_risk,10.689470314464023,5,4,21,1,ios,search,notification,0,16.61
at_risk,15.81296811492799,6,18,6,3,ios,product,notification,0,13.84
new,14.097175095468668,2,7,23,5,web,home,home,0,24.02
new,19.20762593521381,4,22,23,4,android,content,recommendation,0,25.72
at_risk,17.253521694741046,3,16,15,2,web,content,home,0,20.57
new,12.787645611940649,5,27,4,1,android,content,home,1,19.55
churn,12.080860208248613,7,6,18,4,web,product,notification,0,18.46
active,10.27814542461903,2,8,2,2,android,content,search,0,19.96
at_risk,14.046559147197028,3,7,8,3,android,content,notification,1,23.64
at_risk,6.948068771824001,5,19,15,6,android,home,home,0,16.46
active,30.779441966117936,1,3,1,0,web,search,recommendation,0,34.86
active,21.8699399305031,1,21,9,1,web,product,search,1,36.28
active,6.41495204459723,6,25,19,6,android,search,notification,1,25.63
active,24.897358028897045,4,20,2,6,android,product,recommendation,1,30.67
active,29.972993443933117,6,4,8,2,android,product,notification,1,32.22
active,9.838677177724543,2,15,0,6,android,content,search,1,16.81
churn,6.969819613129709,4,16,15,1,ios,content,notification,1,9.9
active,2.284369485413818,1,12,1,0,android,home,notification,1,15.67
new,3.5592611822640086,5,14,6,2,web,search,notification,0,14.87
active,27.154294494015883,6,23,12,3,web,search,search,1,32.78
active,34.5771489573759,1,25,5,0,android,product,notification,1,38.4
new,3.481050641717128,8,9,5,1,ios,search,recommendation,1,20.6
new,26.686341649636457,3,10,20,5,web,content,home,0,29.29
active,4.371451472751682,3,6,18,4,web,search,notification,1,21.61
active,21.540383221821006,3,12,1,4,ios,search,home,0,32.29
churn,26.95048432013185,1,16,20,6,android,content,recommendation,0,18.71
new,13.853745109835343,1,22,11,1,android,search,home,1,15.48
new,2.3608457966519034,5,8,3,6,ios,home,notification,0,12.86
at_risk,21.641248620139056,5,6,21,2,android,search,recommendation,0,31.24
at_risk,34.71107272862092,1,1,8,6,ios,search,notification,0,29.21
active,10.50137495367036,6,2,7,5,ios,product,recommendation,0,30.87
new,8.253212147178122,6,1,3,1,android,product,recommendation,1,22.71
new,6.089554460865994,2,6,21,1,android,product,notification,1,25.12
active,20.32343545670185,4,21,6,3,android,search,search,1,27.62
active,21.68268827888902,6,24,14,3,web,product,recommendation,0,40.22
active,28.14493762662328,2,30,5,1,android,home,search,1,29.55
new,26.851418029476818,5,16,21,1,android,home,home,1,28.74
active,31.453869328237875,3,14,18,6,web,product,notification,0,38.12
churn,28.590499045295946,3,27,12,5,ios,content,search,1,25.01
active,10.159813741621667,6,4,8,1,ios,product,home,1,24.32
active,20.343954360900117,3,19,15,5,web,home,notification,0,27.59
new,11.81459465008814,2,25,11,1,android,content,notification,0,13.59
active,12.88291752519958,3,15,22,3,web,search,recommendation,1,31.49
active,32.75416418458988,4,8,16,0,web,product,search,0,37.03
at_risk,24.502564867213426,5,19,0,4,android,content,notification,0,24.85
at_risk,34.161483637286494,6,30,19,1,android,content,recommendation,1,36.14
churn,15.758113711718568,1,7,4,1,android,home,search,1,19.99
churn,19.735439920681227,6,17,7,1,ios,home,search,1,19.59
churn,18.074808857241916,2,1,10,1,ios,product,notification,1,30.43
churn,5.540472898282989,4,7,5,0,ios,content,notification,1,12.78
new,9.81116581937791,7,23,22,3,web,content,recommendation,0,26.82
new,19.41199989994791,6,15,23,6,ios,product,home,0,19.89
active,4.223352069389206,2,6,3,2,ios,home,home,1,24.57
active,32.738243667193345,2,10,7,5,ios,product,search,0,32.22
new,6.086841504131237,4,3,8,3,ios,product,recommendation,1,22.64
at_risk,8.533364631757934,2,24,16,1,android,search,notification,0,7.64
active,27.255600389975005,4,29,14,0,ios,product,notification,0,31.52
active,5.198839879047353,6,3,16,5,ios,home,search,0,21.52
new,31.70917728730851,2,7,0,0,android,content,home,1,25.98
active,25.948132033843674,0,26,12,2,ios,home,search,1,24.85
new,4.2644882845923435,6,27,5,0,ios,content,home,1,20.35
at_risk,24.830953022426545,5,23,5,5,android,content,notification,0,26.61
active,22.843741891653487,3,22,18,6,web,product,home,1,27.74
at_risk,26.992531280417314,6,26,3,2,android,content,notification,0,29.0
active,29.330529132148083,0,11,0,2,ios,content,recommendation,1,32.22
active,25.705568584714115,3,27,11,3,ios,home,home,0,28.44
active,21.343817743942072,3,27,17,3,android,product,recommendation,1,33.26
at_risk,12.641289513198663,5,7,12,2,android,product,recommendation,1,25.8
at_risk,25.01003084038766,7,2,3,2,android,content,home,0,34.94
new,33.580062292815725,10,16,18,1,android,product,home,1,34.57
churn,21.38821875745285,7,23,9,1,ios,product,search,1,22.66
new,23.923380658330377,6,26,17,4,android,product,home,0,27.46
at_risk,16.425225392593426,2,4,4,5,web,home,recommendation,0,18.11
new,26.951986721521454,4,11,21,5,android,search,recommendation,0,29.2
active,34.92302394717498,4,23,6,3,android,search,home,0,31.22
at_risk,7.2928476942352916,4,1,23,5,web,content,home,1,20.11
new,8.679374223624155,5,22,9,4,ios,content,recommendation,1,13.68
active,19.801446035924855,4,9,17,2,ios,product,search,1,32.95
active,17.88538810963472,2,0,12,2,ios,home,search,0,18.74
new,20.86180288872172,5,7,1,3,web,product,search,0,28.91
at_risk,3.6194435749010103,6,22,2,2,android,search,home,1,13.25
at_risk,15.341123058904815,6,26,9,5,android,product,notification,0,27.43
at_risk,21.238282648163505,9,2,4,1,web,search,notification,1,31.82
active,21.31131459306377,5,14,14,0,android,product,recommendation,1,33.42
active,23.692020738356327,3,6,3,3,ios,home,search,1,27.32
new,25.767128957087905,3,21,14,0,ios,home,home,1,23.49
new,23.171057710248267,4,24,4,1,ios,home,search,1,21.58
new,28.078024127851357,3,29,4,2,ios,content,notification,0,28.45
churn,22.617100944591524,5,11,8,0,web,home,home,1,14.91
at_risk,19.73775286372775,1,9,13,1,android,search,notification,0,26.27
at_risk,22.004482153297758,6,9,9,3,ios,search,search,0,27.48
active,5.339381102859967,3,23,8,2,ios,content,search,0,15.59
active,11.014165843942159,3,13,8,6,android,search,notification,1,33.89
active,19.40419276171833,4,0,8,0,web,content,notification,0,27.13
active,30.808578108256334,3,29,9,5,ios,content,notification,1,36.82
active,24.408701357503773,8,3,20,4,android,product,search,0,32.17
new,4.98346658957262,7,28,13,4,web,search,recommendation,1,25.31
new,21.545073364665345,1,5,10,4,web,product,search,0,13.03
churn,9.317353592024265,4,16,17,0,android,product,home,1,4.64
active,26.222546473027858,1,9,12,5,ios,home,search,0,26.58
churn,29.305548132788658,4,21,22,2,android,content,home,1,31.27
new,21.58405699546912,1,12,13,4,android,search,home,0,22.01
active,21.51496612180642,5,11,5,2,android,content,recommendation,1,36.5
new,13.173517625956864,4,14,13,2,web,product,recommendation,0,24.61
active,16.726250698323213,7,30,18,4,android,content,search,1,30.43
new,30.5155756759064,4,7,5,6,android,home,recommendation,0,33.74
new,25.869570921916164,3,6,4,6,ios,home,notification,0,33.41
churn,19.151870769962823,5,2,14,5,android,home,notification,1,21.09
active,14.151668746196242,2,22,21,3,android,content,recommendation,1,26.7
active,3.6625313635222936,3,21,8,3,android,content,home,0,17.51
active,6.719244243770709,7,18,12,6,ios,content,recommendation,0,30.44
active,8.36983125479923,3,0,15,1,ios,search,home,1,23.6
active,14.321656927536266,3,24,15,6,ios,search,home,0,26.05
new,33.156740353517066,5,25,3,4,android,search,search,1,27.78
churn,18.670062030338705,5,29,9,4,ios,content,search,1,16.63
at_risk,9.749725387554626,2,28,23,4,ios,search,home,1,11.7
at_risk,5.489754536229965,3,8,21,5,android,product,home,1,19.29
active,13.164082311897813,7,22,18,4,android,product,notification,0,35.38
new,28.919110973184875,4,12,0,0,android,search,recommendation,0,30.18
churn,14.650312182546761,4,18,10,5,android,search,recommendation,0,14.79
active,27.492691598739643,3,10,1,5,android,product,home,0,35.07
new,28.489264212187003,1,20,7,6,web,content,notification,1,32.51
active,5.657085400057237,2,29,20,6,ios,home,search,1,23.95
at_risk,22.085771836683865,5,20,9,6,ios,product,recommendation,0,28.69
active,33.65017009124665,2,28,4,0,android,home,search,1,25.14
at_risk,15.27055647181728,3,28,17,4,ios,home,home,0,1.0
at_risk,3.681154937099735,4,3,18,6,ios,product,search,0,22.23
new,32.468988778509996,3,29,15,6,web,search,home,0,26.64
churn,31.16098729189194,7,25,19,3,android,search,notification,0,25.43
active,19.23066775789706,5,13,16,6,ios,home,search,1,33.89
active,20.224352971352317,5,18,15,6,android,content,notification,1,42.11
new,8.987456391612122,7,19,21,0,ios,content,notification,1,29.3
churn,29.04187493297303,2,24,7,6,web,content,home,1,26.25
active,18.45380126694017,3,24,10,4,ios,home,search,0,17.94
new,3.117967239704365,3,3,13,4,ios,home,home,1,9.11
active,24.539493562816926,3,0,16,1,web,home,home,1,21.24
new,33.3663769034893,5,7,11,6,web,home,notification,1,37.39
new,29.36196618140976,6,16,10,2,android,search,recommendation,1,37.44
active,11.147538626947814,4,26,3,2,android,product,search,1,27.74
active,3.759727802800241,4,20,15,2,ios,home,home,0,17.52
churn,33.03159661375996,4,4,2,6,web,search,recommendation,1,31.35
active,32.92306992103015,2,22,11,3,ios,product,recommendation,0,32.3
at_risk,19.569705550524688,1,14,9,0,android,search,home,0,10.97
active,23.196474585160658,11,11,18,0,ios,search,home,0,36.09
active,17.265802003456674,8,23,11,6,android,product,search,0,24.77
active,15.852257114259036,3,9,0,1,android,content,recommendation,1,39.23
active,5.941798385647112,4,19,12,5,android,search,notification,1,16.77
churn,5.192845645916169,10,5,5,0,android,home,search,1,13.93
active,9.680160840314187,5,11,9,6,ios,content,home,0,15.67
new,29.609144631415962,4,17,7,4,android,product,notification,1,30.55
active,6.81246592427744,7,19,3,1,android,search,search,0,19.97
at_risk,9.481055513185453,0,28,22,6,ios,product,recommendation,1,16.55
new,20.10426395763285,3,9,6,2,android,content,home,0,16.39
active,9.099330196583054,6,27,12,6,android,home,home,0,20.03
at_risk,7.385820595686974,10,25,19,4,android,content,home,0,15.33
at_risk,20.589435976032753,5,11,8,3,android,product,notification,1,23.8
churn,14.14707794288831,3,4,22,0,ios,product,home,1,27.04
active,22.663256432735484,4,7,9,1,android,content,notification,1,34.76
active,32.10277623348632,4,20,22,0,android,search,notification,0,38.32
active,6.982773337357233,5,24,10,5,android,content,recommendation,1,25.09
churn,32.143310773831104,4,18,0,0,android,product,notification,0,19.27
active,31.782168924956316,2,22,20,0,android,content,notification,0,35.07
at_risk,29.359890250084792,1,3,20,0,android,search,recommendation,1,43.31
active,22.83243527110081,3,15,23,6,android,product,notification,0,29.3
active,22.464839696363065,4,27,2,6,android,search,recommendation,1,34.9
at_risk,23.09401777790455,3,12,20,5,web,search,home,0,20.06
active,24.786353190187835,5,27,8,0,android,search,home,0,14.37
churn,2.5439126196731814,5,3,20,3,android,content,search,0,8.13
active,33.61705511230144,5,30,23,6,ios,content,search,1,48.76
active,21.324924128364135,6,24,4,0,android,home,search,1,31.53
active,27.788372700279915,6,19,8,5,ios,content,home,1,44.38
active,14.450300689024983,3,19,6,0,android,product,recommendation,1,26.65
active,2.409108059221267,4,29,7,5,ios,home,search,1,6.67
new,18.82124377592265,2,11,14,3,web,content,notification,1,17.85
new,18.737273937425655,7,5,9,6,android,home,notification,0,27.2
active,16.42064651427791,3,28,15,2,android,content,recommendation,0,26.6
active,13.210662787348532,3,3,16,5,ios,search,notification,0,26.13
active,10.244260897720828,7,20,4,5,web,content,search,0,22.91
new,19.40898085840703,4,8,1,2,android,search,notification,1,28.15
active,14.384178609885305,4,28,17,4,ios,home,notification,0,18.45
new,34.00775214064369,7,30,4,3,android,content,home,1,32.36
at_risk,7.7066011563087375,5,14,4,3,ios,product,recommendation,1,19.78
at_risk,12.54896373169387,2,16,14,5,android,search,search,0,11.94
new,11.700695540510843,4,14,6,1,ios,home,search,1,12.9
active,19.92920281578658,7,13,4,0,android,content,search,1,30.95
new,18.476248480146882,1,29,7,3,ios,content,notification,0,24.28
active,23.243435359001012,6,8,12,5,android,search,notification,1,41.35
new,33.350058428948856,4,29,20,1,ios,product,search,1,35.81
active,11.412295821297624,5,20,23,2,ios,home,search,0,16.73
active,24.861461785414885,5,29,17,4,web,home,recommendation,1,26.18
churn,2.826326699171059,5,18,21,3,web,product,recommendation,0,17.08
new,10.65881960020961,1,25,12,4,ios,content,search,0,15.1
active,17.30275102388756,2,15,9,3,ios,content,search,1,27.35
at_risk,3.022828019877437,4,14,19,5,android,search,notification,0,12.47
churn,22.383092198270084,5,7,7,6,web,home,search,1,15.58
active,24.38425007725637,8,6,19,3,ios,product,search,0,41.27
active,26.64214658965554,4,1,23,3,android,product,search,0,38.51
active,19.046958659819406,6,11,9,1,android,content,search,0,26.11
active,21.93017394429468,2,30,15,3,ios,home,recommendation,1,24.79
churn,15.07015329219008,6,29,18,5,web,product,recommendation,1,28.41
active,3.3613500727165637,0,21,18,3,web,product,home,1,14.98
active,5.298411240558931,4,11,4,4,ios,product,notification,0,28.0
new,23.614865498648317,4,16,23,2,android,home,search,1,22.93
active,34.85332488633062,4,23,12,4,web,home,home,1,32.94
at_risk,2.521506892388774,3,0,1,4,ios,product,recommendation,1,16.92
active,20.40025539527063,5,28,2,3,ios,home,home,1,24.5
active,26.78328884512441,1,26,17,6,ios,product,notification,0,34.27
churn,29.283569324457996,4,30,10,6,ios,home,notification,1,26.17
at_risk,19.991761740347123,6,2,2,1,ios,content,recommendation,1,34.43
active,22.457227346075467,4,29,12,1,ios,search,notification,1,29.24
active,24.991923194060263,4,19,14,6,web,search,search,0,27.92
active,30.34588623988321,4,17,1,2,web,search,search,0,31.4
active,6.0355547276930155,1,5,8,2,android,search,recommendation,1,21.23
active,32.56401247707049,7,15,11,5,android,product,search,1,47.94
new,2.85857431720181,4,11,18,4,ios,product,notification,0,19.59
churn,29.594591781606585,5,30,15,0,ios,product,search,0,18.6
churn,4.532434076470009,3,10,2,0,ios,content,search,1,5.41
at_risk,8.422730982962435,6,6,14,5,web,home,recommendation,1,29.04
churn,2.1285068305773764,3,29,21,5,android,content,home,1,9.88
at_risk,16.693471282689345,4,5,1,2,android,product,recommendation,1,24.3
at_risk,13.033854481673945,5,28,23,6,web,search,notification,1,24.94
at_risk,7.477766079071902,6,29,2,0,web,content,notification,0,9.92
active,16.885975306528906,9,9,14,6,android,product,home,0,30.39
active,15.278239144682066,2,21,8,0,android,home,home,0,18.24
new,27.33281407905847,5,24,17,4,android,home,home,1,18.56
active,31.473300100311068,7,16,20,5,ios,product,notification,1,45.95
active,23.5347193083137,1,21,20,4,ios,product,search,1,27.49
active,6.105542827975288,2,4,20,5,android,home,home,1,22.15
active,11.747896225425071,7,15,19,2,android,product,recommendation,1,30.59
active,32.13950379546523,3,15,7,2,ios,product,notification,1,34.05
new,4.928238269260342,5,17,11,1,ios,content,home,1,10.97
at_risk,15.426242699897275,3,29,17,0,ios,product,home,0,13.39
at_risk,33.10265243470488,10,25,4,1,android,content,home,1,31.7
new,33.37193976849303,5,18,13,1,android,home,home,1,29.28
new,15.56970484261345,1,12,12,5,android,content,home,1,31.01
active,24.024097307260313,5,12,23,1,web,search,home,1,31.02
at_risk,17.072604745681964,6,0,1,1,android,product,recommendation,1,30.42
at_risk,26.86419780139928,7,17,2,5,ios,content,home,0,30.21
new,3.0421839128689507,3,7,0,3,ios,content,recommendation,0,14.77
at_risk,6.757185914404829,0,27,13,1,web,home,search,1,7.99
new,22.268560516938773,4,23,13,4,android,home,recommendation,1,24.97
active,9.6742246606211,5,28,14,1,android,product,recommendation,1,26.43
churn,23.9797258758819,5,30,5,5,web,content,recommendation,0,19.12
new,13.590356606222846,3,12,7,0,android,product,notification,1,17.75
new,31.259303418218106,7,13,10,4,ios,home,home,1,30.52
active,29.035559723479555,2,18,1,4,android,home,recommendation,0,22.93
active,18.26364740226981,3,13,18,2,web,product,search,1,37.74
churn,27.505537874130308,3,8,1,4,ios,product,recommendation,0,33.29
churn,10.947550245757983,0,21,16,2,android,content,home,0,6.34
new,18.310572634791466,6,13,10,4,web,product,search,1,27.07
new,8.51690771148818,6,29,23,1,ios,search,notification,0,17.68
at_risk,30.4092435611928,5,6,16,3,ios,home,notification,1,23.55
active,29.161231346757692,5,13,11,5,android,content,search,1,42.7
at_risk,31.770939057497042,8,16,16,6,android,content,home,0,28.93
active,30.95674038040056,3,28,2,2,ios,home,recommendation,0,42.27
new,33.66667664796333,2,17,4,3,android,search,search,1,27.02
at_risk,9.535095643853555,4,2,11,3,web,search,search,1,20.86
new,32.75020159624541,2,10,20,6,android,product,home,0,30.59
active,20.850035314615923,4,27,19,6,ios,content,search,1,43.22
active,15.942337769299021,4,8,9,4,android,home,home,1,24.1
active,20.49233856693981,4,10,6,5,ios,content,home,1,37.93
active,13.305877769459169,3,4,23,0,android,home,recommendation,0,28.87
active,11.52224922971142,3,22,13,5,android,content,notification,1,27.79
churn,9.963373153258448,6,4,2,5,android,product,home,0,15.69
churn,4.720123652085185,3,11,5,5,ios,home,home,0,3.31
active,18.386641605857186,6,22,20,4,android,product,home,1,19.87
new,31.296135298558283,3,27,21,6,ios,search,recommendation,1,38.88
at_risk,22.795014986054692,2,6,21,4,android,search,notification,0,21.14
churn,19.192195880940528,2,10,0,5,ios,home,search,0,19.79
active,16.143566302280245,4,3,19,1,ios,product,home,1,33.51
active,17.325253668467333,5,13,2,4,android,content,home,0,31.86
active,8.906152469874382,2,30,19,3,android,product,recommendation,0,26.07
new,29.156883947372208,4,9,21,6,android,content,search,0,21.1
active,8.546637788290425,5,8,8,6,ios,search,search,0,26.03
active,25.64855097200133,3,12,4,5,web,product,home,1,32.42
at_risk,27.079505379373035,3,27,17,1,android,content,notification,1,29.34
at_risk,20.970678386915232,6,16,1,3,ios,search,search,0,22.54
at_risk,30.47657037350934,4,18,13,0,ios,product,recommendation,1,33.25
active,11.604661630871451,2,24,7,6,ios,home,recommendation,1,24.09
active,31.093368301014486,1,22,10,1,ios,product,home,1,27.52
at_risk,26.070545166777038,2,18,19,4,web,content,home,1,23.83
at_risk,28.358744316138104,2,17,23,3,ios,content,notification,1,17.69
active,23.931130414401366,2,16,9,6,web,search,notification,0,26.54
at_risk,29.92931956066899,3,5,6,5,android,product,search,0,20.92
new,34.77226246968198,1,12,20,5,web,product,home,0,24.89
at_risk,15.865374199313075,1,26,9,4,web,content,search,0,12.9
new,28.85921756241582,4,1,4,0,web,content,notification,1,34.56
new,26.571132064095107,1,25,21,6,android,content,recommendation,0,28.62
active,16.944715468496593,2,17,23,0,web,content,home,0,20.72
new,32.58931699117289,8,10,6,3,android,search,recommendation,1,32.84
new,15.016055675895625,3,3,3,2,ios,search,home,1,18.49
new,20.66037523711584,4,23,3,2,android,search,search,0,14.54
active,5.4960977807017315,2,0,14,6,ios,search,search,1,22.8
at_risk,9.450581404186785,5,16,7,1,android,content,search,0,7.0
new,29.742973627614102,7,5,14,4,android,content,recommendation,0,37.46
active,15.086239853351962,2,28,18,1,android,content,home,1,23.06
at_risk,15.00477495070352,3,5,0,6,android,product,notification,1,24.25
new,10.117373600290469,6,24,20,5,android,home,recommendation,0,25.64
new,18.223141031815995,1,17,0,2,web,home,search,1,19.03
at_risk,28.59195972457054,8,1,2,0,ios,search,notification,1,36.0
at_risk,31.540415886533406,4,22,17,1,ios,product,search,1,17.63
active,4.313776257458068,7,27,14,1,web,search,search,0,14.87
at_risk,20.96908413092381,5,6,23,2,android,product,home,0,26.3
new,17.42002114044704,3,30,13,6,ios,content,notification,0,21.05
active,22.271301065562085,3,24,10,0,ios,search,notification,0,33.97
at_risk,16.76009766797288,13,23,16,4,android,content,home,0,30.8
active,15.155279088162699,7,10,18,2,ios,product,notification,1,35.49
at_risk,17.57206351017315,3,3,16,0,ios,content,notification,0,19.07
active,21.205971248961667,2,13,8,4,ios,home,search,1,23.05
at_risk,18.532445964048634,4,25,23,4,ios,search,notification,1,16.71
active,17.580766883681324,2,18,7,6,android,content,recommendation,0,27.32
active,28.988565228616665,7,20,8,3,ios,content,recommendation,0,34.99
new,26.606383710849304,3,24,6,2,android,product,home,1,19.73
new,13.265490307979363,4,10,7,5,web,home,home,1,21.8
at_risk,28.419044878005575,3,1,5,1,android,home,recommendation,0,34.99
new,30.170472077148506,2,27,13,4,ios,search,search,1,28.24
new,7.065242777348287,4,19,17,6,ios,content,notification,0,14.13
new,21.22852123711504,1,17,10,0,android,search,home,0,21.17
new,11.415295788774054,4,17,22,6,android,content,notification,1,25.72
at_risk,26.392686623581845,3,26,11,1,android,product,recommendation,1,25.69
active,9.879915868836548,2,23,11,3,ios,home,notification,1,19.53
churn,24.15631629771005,2,20,1,1,web,product,notification,1,17.91
new,10.419113649901918,5,24,21,1,android,search,notification,0,19.9
active,18.867744193188123,3,8,3,4,ios,home,search,0,25.68
active,33.30533344123434,5,22,3,3,web,product,recommendation,1,37.03
active,14.583148769062339,4,30,22,3,ios,home,home,1,21.16
at_risk,30.899370036785854,4,7,12,3,web,content,search,1,31.14
churn,34.56917117972852,6,17,1,5,android,content,search,0,29.52
at_risk,30.87007801057039,6,21,10,6,android,content,search,0,26.82
new,7.473578980870315,5,16,14,3,android,home,recommendation,1,13.31
new,29.04872124466038,1,30,0,1,android,content,home,1,28.63
active,3.060930038318521,3,12,18,2,ios,search,recommendation,0,26.84
active,14.97896216207716,4,6,16,3,web,product,search,1,19.26
at_risk,30.734201319489507,3,4,0,0,android,home,home,1,32.88
active,24.728823021077353,6,26,14,1,web,content,recommendation,0,32.32
active,19.580434102149976,0,21,5,1,android,search,notification,1,25.63
at_risk,14.799512827726478,5,17,17,6,android,product,recommendation,1,29.6
at_risk,28.80579923351944,4,13,9,2,web,search,home,1,32.9
new,25.41542733029129,3,12,4,6,web,content,recommendation,0,33.64
new,17.45737554731722,2,28,12,3,ios,product,recommendation,1,22.07
active,31.451983127918773,9,21,10,3,android,search,recommendation,0,32.92
active,9.588284588014869,2,29,8,6,android,search,search,0,8.42
active,7.622919802234621,3,24,21,4,android,home,home,0,22.1
active,23.21252422300819,8,23,15,1,ios,search,home,1,37.86
at_risk,34.07581330915842,1,17,11,1,android,content,search,0,20.89
at_risk,10.159466919123421,4,7,5,4,ios,content,recommendation,0,17.32
active,10.239122504816274,7,20,13,0,android,content,recommendation,0,24.28
active,6.603461982752267,10,22,0,1,ios,home,recommendation,0,22.24
active,30.39859732402986,3,16,21,0,android,search,search,0,38.64
active,9.471118833574025,6,0,0,4,ios,content,search,0,26.58
active,18.6048913819213,1,29,16,3,ios,search,home,1,21.09
active,34.69879177407275,3,25,8,0,web,home,notification,1,46.83
active,2.4006497304274377,4,10,17,5,web,search,search,1,14.74
new,20.364040986856207,7,15,8,4,ios,content,recommendation,1,32.23
new,18.90553840926321,7,3,0,5,android,content,search,0,22.15
new,28.645763421535108,4,29,22,1,web,home,search,0,23.59
at_risk,13.72429080524164,6,7,18,6,web,content,home,0,23.97
active,15.54126484366837,3,11,1,1,web,product,notification,1,31.58
new,7.541953359762501,1,13,0,3,ios,content,home,0,9.71
at_risk,26.44690264398096,3,8,12,3,android,product,notification,1,25.0
active,27.895394003208892,4,19,22,1,ios,product,home,0,31.9
active,6.509889585701399,4,30,13,2,android,product,home,0,10.92
churn,14.984083441614617,7,26,0,0,android,product,notification,1,19.51
new,31.46586484696854,6,16,16,3,android,content,notification,0,31.24
new,2.089340031300976,5,4,10,4,ios,product,notification,1,18.4
active,11.859049330546865,8,26,15,2,android,home,notification,1,25.39
new,20.316395406734074,4,7,8,3,ios,home,search,1,22.26
active,13.025097368778459,1,28,0,6,ios,search,home,1,26.35
new,10.97749124286309,3,12,0,1,ios,search,recommendation,1,24.55
new,17.181237001806018,4,16,15,2,android,content,recommendation,0,28.85
new,7.990262567619894,4,13,15,0,web,home,recommendation,0,17.37
active,19.477632951662965,6,14,7,3,android,content,home,1,37.16
new,25.320965403336455,2,5,1,1,android,home,home,0,19.61
new,20.984733436740573,6,17,18,5,ios,search,recommendation,0,28.81
at_risk,5.07260791833152,2,12,3,2,android,search,notification,0,14.36
active,29.865484267463916,2,26,4,4,ios,product,notification,1,36.34
active,7.77426863708711,6,14,10,1,android,home,recommendation,1,24.98
new,27.238796020167246,2,29,17,2,web,content,search,0,16.07
active,13.898648655603063,9,9,23,1,android,home,search,1,28.87
active,27.831124485851376,3,10,15,3,web,content,recommendation,0,32.31
active,8.80700581237641,3,1,23,0,ios,product,recommendation,1,35.94
new,8.159849421949183,3,22,15,0,android,content,home,0,14.74
at_risk,18.401852925176915,6,2,20,3,ios,content,search,1,24.67
churn,3.0868884850458964,1,8,4,3,android,content,recommendation,1,6.2
new,9.434812179817001,0,28,1,2,web,search,notification,1,7.63
new,25.892404322083493,7,18,16,3,ios,search,notification,0,23.21
new,29.63365478407904,5,17,23,2,ios,product,notification,1,29.33
active,4.665917009947744,3,24,17,5,android,product,home,0,21.95
new,31.108564411457444,3,23,8,3,web,content,search,1,23.3
at_risk,28.31806773375491,5,27,11,5,ios,search,recommendation,0,37.12
at_risk,30.699581758329856,4,20,2,1,ios,search,notification,1,22.56
at_risk,25.048142301101716,7,13,8,1,android,home,search,1,19.5
active,24.247051220700836,5,4,16,2,android,home,notification,0,39.19
churn,19.328076700380507,8,11,3,0,ios,content,recommendation,0,28.98
new,23.541978408213396,4,21,11,4,ios,content,recommendation,1,27.15
active,32.330618930697966,2,7,6,2,web,product,recommendation,0,38.91
active,5.317226046751378,6,20,11,2,ios,search,notification,1,23.61
churn,12.42022776892101,3,4,18,3,ios,home,recommendation,0,17.65
active,4.3910141286637705,4,1,21,0,ios,home,recommendation,0,19.43
at_risk,33.17857067415327,4,11,9,2,ios,product,search,1,18.69
new,16.693760377979803,4,7,19,6,android,product,search,1,23.72
churn,24.286367532314216,5,27,16,4,web,search,recommendation,0,27.15
active,29.756962128642606,3,11,22,4,android,home,notification,0,43.18
active,34.70300818652412,5,12,17,3,ios,home,recommendation,0,37.54
churn,7.33882110714477,3,12,13,3,web,product,notification,1,7.04
active,28.383915988701546,2,9,16,6,ios,product,recommendation,1,40.49
active,31.2849556385123,3,28,7,6,android,search,search,1,35.83
active,3.6128874360788954,6,22,16,2,ios,product,recommendation,1,26.64
new,26.884988486123923,1,4,17,6,android,content,recommendation,0,18.35
active,13.70593559948616,0,6,14,0,android,product,notification,1,39.28
new,23.403694118524257,6,2,2,2,ios,search,search,1,33.11
new,18.963590469282536,1,7,12,2,web,home,home,0,15.7
at_risk,10.571494318859019,6,20,17,4,android,content,home,1,13.6
active,6.46230494613154,2,29,4,4,web,product,home,1,21.37
active,5.859258691943873,6,14,18,3,android,search,recommendation,0,28.21
active,5.409654304380226,6,2,20,1,web,home,notification,1,27.99
active,23.047071324441067,3,1,12,3,ios,content,recommendation,1,39.0
active,13.596558096184758,3,12,23,1,web,content,home,1,24.97
churn,9.14890346079379,6,8,20,3,web,search,search,0,15.77
churn,24.8322080592948,6,17,11,2,web,search,notification,1,25.41
active,24.666035670293404,9,3,21,6,ios,product,home,1,44.66
active,19.792553647780924,4,7,22,5,android,content,recommendation,1,41.13
active,32.85360795657308,6,17,2,1,android,product,search,1,44.56
active,14.718669637566903,2,8,23,6,ios,home,notification,1,20.31
active,29.58347805188667,4,11,0,4,android,home,recommendation,0,31.49
active,4.4796004617624785,5,6,11,2,web,home,recommendation,0,22.39
active,26.414426103270646,6,1,22,3,android,search,recommendation,0,36.96
active,34.61876465645369,6,10,17,1,web,search,notification,1,38.8
active,29.937741137497955,4,10,6,0,ios,product,recommendation,1,45.46
active,21.12893573723196,4,27,15,2,web,content,recommendation,1,31.32
new,22.6832801227963,4,27,5,5,web,home,notification,1,15.66
new,13.658555131419245,3,13,5,2,android,content,recommendation,1,20.93
at_risk,24.42301220251743,3,8,21,2,ios,search,recommendation,0,27.54
active,27.423047644983793,2,12,1,6,android,product,search,0,32.12
new,34.94153987688918,3,18,23,6,web,home,search,0,30.58
active,18.25127626101429,8,11,10,3,web,search,home,0,30.54
at_risk,4.023034170523595,8,23,1,0,android,content,recommendation,1,17.57
active,21.663312374122512,1,29,18,4,android,home,search,1,21.53
at_risk,5.927796949411563,3,12,1,5,android,search,notification,0,10.34
churn,10.077246437351633,5,3,7,6,android,product,notification,1,15.45
active,12.84973707308933,2,3,5,6,web,product,notification,0,24.83
active,26.12398581389755,4,27,18,4,android,search,search,0,33.3
new,8.065668087990517,4,12,9,0,web,search,recommendation,1,20.94
churn,7.4698472457976335,2,10,15,1,web,content,notification,1,15.14
active,3.4838200024613064,3,19,1,5,web,home,recommendation,0,17.92
churn,30.816917899678067,2,29,16,4,ios,search,recommendation,0,26.64
active,24.885679003750003,7,13,17,3,android,search,search,0,34.57
new,3.3182333653816745,5,9,6,2,web,content,search,0,13.56
new,2.933646086057781,5,26,21,4,ios,content,recommendation,0,18.99
active,20.436251783676852,3,2,11,2,web,content,notification,1,29.7
active,11.323635242461464,1,26,16,1,android,home,home,0,5.75
new,21.69196956425365,5,16,4,6,android,home,home,1,21.92
at_risk,16.341937797471857,3,0,22,2,web,search,home,0,23.39
at_risk,32.4693145562384,2,7,5,1,web,search,recommendation,0,28.63
active,11.497697493725141,4,21,15,0,android,home,search,0,18.67
active,24.411797158483484,2,23,2,3,ios,content,search,0,22.9
new,3.7837922834137734,2,6,1,6,android,content,notification,0,5.51
at_risk,33.54339762823454,2,20,3,1,ios,search,home,0,28.97
active,34.364996440975624,6,30,22,1,android,content,home,1,38.9
at_risk,26.389462757541608,5,21,5,1,android,product,home,1,22.54
active,17.352011561597912,4,21,21,0,android,product,search,0,24.16
active,9.259783497799624,3,5,13,4,android,content,recommendation,1,33.87
active,28.813039228182834,8,19,2,2,ios,home,home,1,39.26
new,26.299685205851734,2,21,10,5,android,home,home,1,19.52
at_risk,9.324483305511318,3,3,11,2,ios,search,home,1,20.36
active,16.890104707189767,8,9,6,4,ios,content,notification,1,33.02
active,17.272364947953907,5,27,14,0,ios,product,home,1,23.36
churn,29.271548149099402,5,30,20,2,ios,search,recommendation,0,23.01
churn,24.566874583024525,4,5,21,2,android,home,recommendation,1,23.92
at_risk,23.22452893682182,5,22,12,0,android,product,home,0,13.82
new,23.444304944588186,4,15,21,2,web,search,recommendation,0,31.29
active,10.925512619621804,6,18,22,3,web,search,search,1,26.4
at_risk,14.266471574374622,10,15,2,2,web,content,recommendation,0,27.35
active,3.506855419411303,5,26,15,3,web,product,home,1,19.6
new,27.969057481800085,3,13,18,5,ios,home,recommendation,0,33.9
at_risk,16.288941100603857,3,18,0,5,web,home,notification,0,7.55
active,16.461865783889927,3,20,14,0,android,search,home,0,17.6
active,10.096756742809681,4,17,21,4,ios,home,recommendation,1,30.96
churn,8.911100288161155,1,27,6,6,web,search,recommendation,1,5.62
active,21.398123675777963,3,7,20,6,ios,search,home,1,36.08
active,9.6742495017213,6,29,22,2,android,content,recommendation,0,20.73
active,4.118892101660325,2,21,15,5,android,search,recommendation,0,19.38
active,27.327744727369645,2,29,15,5,android,search,search,0,35.08
new,14.423491335410075,1,11,12,2,android,product,search,0,18.72
at_risk,14.547774268677047,6,14,9,6,web,product,recommendation,0,14.69
at_risk,16.233503290021112,4,1,10,4,ios,home,recommendation,1,27.65
active,28.896479172467096,2,28,12,5,android,home,notification,0,37.62
active,12.587617566013964,1,25,11,5,ios,home,home,0,30.74
at_risk,27.01519497150859,4,9,19,5,android,content,notification,0,32.59
new,33.004979745724924,7,1,18,6,ios,home,home,0,29.77
active,23.80865046551838,3,21,8,6,android,content,recommendation,0,35.04
active,16.245475678841814,4,20,12,2,ios,search,search,1,32.6
active,26.677060863839934,2,16,5,3,ios,content,home,1,30.65
new,17.110613201795722,4,4,4,4,ios,home,recommendation,1,30.0
active,15.676099946568646,3,28,8,5,ios,search,recommendation,0,21.82
active,19.334344397898548,5,13,1,2,android,home,recommendation,0,31.3
active,12.484837048706694,6,22,20,2,ios,content,search,0,15.18
new,5.44025713724004,4,26,3,5,android,product,search,0,7.6
active,15.690116182363452,3,16,7,6,ios,home,recommendation,1,29.94
active,6.087277077266964,1,2,6,6,ios,product,home,0,18.39
new,15.54456862732974,1,27,4,1,ios,content,notification,1,11.35
new,20.37881280004386,1,20,8,6,web,product,recommendation,0,20.32
new,32.71346897978634,2,27,17,5,android,content,notification,0,28.8
active,3.1953369244950185,5,18,21,1,web,search,home,1,21.18
new,22.508127414564157,5,28,4,0,android,search,recommendation,1,25.74
churn,17.105261159452553,2,26,5,1,ios,content,recommendation,1,19.93
active,2.6686172307365927,0,6,11,6,web,product,notification,1,19.12
at_risk,10.235089805977772,7,5,7,5,ios,product,search,0,25.6
churn,5.910013327708452,6,4,19,4,web,content,notification,0,10.86
new,9.154206809137676,2,24,5,4,web,product,home,1,21.57
active,11.0608180342103,5,7,9,2,android,home,notification,0,28.41
at_risk,15.243109067612478,3,13,13,6,web,home,recommendation,0,17.95
active,19.45829998513338,3,24,9,1,web,content,notification,0,24.21
active,2.0326697995707415,3,13,14,2,android,home,home,1,17.52
active,7.341688900748446,1,1,19,1,android,product,search,1,27.82
new,5.0876907250904235,4,11,12,5,android,search,recommendation,1,24.5
active,20.139222175670543,3,2,10,3,web,product,recommendation,1,28.54
churn,12.859470723241904,1,11,22,4,web,home,home,0,12.3
churn,20.097125289145698,3,22,23,6,web,search,recommendation,1,10.92
new,9.320168971764367,4,16,23,1,android,product,search,0,13.13
at_risk,2.7995686848903008,4,20,0,6,android,home,home,0,14.47
active,33.06510774191814,3,3,20,0,ios,search,recommendation,1,37.51
churn,5.574167999236803,4,23,21,5,android,content,recommendation,0,7.3
new,6.186338682736655,2,13,19,4,android,home,home,0,12.94
churn,6.836045274834636,8,8,17,5,android,product,notification,1,24.27
at_risk,34.382125291777996,7,20,8,1,android,home,recommendation,0,32.26
new,22.382787925609872,3,4,17,6,android,product,search,1,18.94
new,22.13956840622707,4,15,13,5,ios,home,notification,0,15.47
at_risk,34.56104065011148,4,13,19,0,android,product,notification,1,34.75
new,4.918479386063607,3,5,8,3,android,search,notification,0,7.2
active,34.15852945389554,4,29,17,5,ios,product,notification,1,38.81
churn,8.732433836283349,3,11,18,3,web,home,home,1,13.22
active,22.56135961754717,6,1,20,2,ios,product,home,0,32.8
active,15.862757654992125,1,13,4,1,ios,product,home,0,29.88
active,14.670409844746882,4,29,20,3,ios,home,notification,0,26.35
new,32.73102983982226,6,20,5,6,ios,search,search,0,34.94
churn,6.924515038528463,4,19,22,4,ios,product,search,0,14.14
active,34.90327736551604,1,27,0,5,ios,product,notification,0,33.06
new,14.511127016021101,0,2,5,5,ios,product,home,0,16.68
active,23.409571828322296,4,17,14,5,ios,content,search,1,32.28
churn,33.94092213895088,4,9,13,2,android,search,search,1,29.23
new,3.900834662506168,3,20,16,5,android,content,search,1,11.49
at_risk,32.45452397653129,1,26,9,2,android,content,recommendation,1,35.96
at_risk,20.737775716693328,8,2,0,4,android,product,recommendation,1,27.81
at_risk,25.245097006255925,2,4,14,2,ios,home,search,0,21.59
churn,6.923078068249495,3,29,12,6,ios,search,home,1,6.51
at_risk,19.601785217424062,5,15,12,5,android,home,recommendation,0,21.39
churn,24.22595258593304,4,9,9,4,android,product,recommendation,1,34.81
new,17.0561611437935,3,4,21,3,android,search,recommendation,1,25.95
at_risk,7.114510877499872,2,10,19,3,ios,content,search,0,12.66
active,10.055929477824028,4,0,4,5,android,product,notification,0,23.74
active,30.19496210278545,4,6,0,1,android,search,recommendation,0,37.02
at_risk,3.137542763481172,7,5,4,5,android,home,notification,0,14.41
churn,25.39244858854681,6,2,1,1,ios,home,recommendation,0,19.43
at_risk,34.97987120497939,6,30,17,0,android,product,search,0,24.58
active,2.246938871523298,2,24,14,5,ios,content,search,0,18.43
active,7.314507533058017,1,29,11,4,ios,search,recommendation,0,21.49
active,24.246761929473436,3,7,14,2,web,home,recommendation,1,34.66
active,3.979697541316493,6,8,19,4,ios,search,recommendation,0,26.23
active,21.463069467243344,5,8,19,5,android,content,recommendation,0,37.13
new,24.572003417514853,5,17,10,5,android,product,search,1,25.88
new,21.408829487764315,5,5,14,6,ios,home,home,1,22.33
at_risk,14.051095199695217,6,7,13,5,android,home,search,0,11.98
active,25.010315767559085,3,30,22,3,web,home,notification,0,25.49
churn,21.611716124456077,3,10,18,1,ios,content,recommendation,0,27.35
active,8.852026679099351,6,24,7,0,android,content,notification,0,20.0
new,20.58347293830862,5,7,21,4,android,search,recommendation,1,29.57
new,31.102938165584607,4,28,9,4,web,product,notification,0,23.76
new,24.00549842778485,5,21,18,4,web,home,home,0,28.99
churn,17.569119743996957,2,26,23,0,web,product,recommendation,0,9.53
new,12.612275394691888,2,16,19,4,android,search,home,1,19.58
active,4.834244911439905,4,28,2,5,ios,content,home,0,17.36
churn,10.072695381047946,6,11,4,5,android,search,home,0,12.77
churn,2.369162851866937,1,14,19,3,android,content,search,1,10.0
new,34.558655278323826,4,1,2,0,ios,product,home,1,33.72
new,9.341914320248419,0,5,0,3,web,search,search,0,15.09
new,28.890906108617298,2,23,6,4,android,content,home,1,24.89
new,7.565281099564294,3,10,11,3,ios,content,home,1,23.69
new,11.358837936983939,4,3,3,4,android,search,search,0,16.65
active,15.803151534536102,4,9,3,3,android,search,search,1,19.48
churn,12.705386916672968,5,10,8,3,android,product,search,0,15.69
active,28.345576821075415,4,22,14,2,web,home,search,0,30.64
active,33.60388246450896,3,2,13,4,android,search,search,1,38.03
new,30.884717960478,4,0,19,1,ios,content,home,1,33.85
at_risk,7.068069609275966,1,22,23,3,android,content,search,0,1.0
active,27.63072631952658,3,4,0,2,ios,search,notification,0,23.6
at_risk,6.882248139055477,3,13,16,4,android,search,home,0,16.62
churn,32.14157651654935,0,21,3,6,android,content,home,0,17.23
active,19.08999299706309,6,15,8,4,ios,home,notification,0,31.82
new,13.100575905871322,5,3,8,0,ios,home,recommendation,0,14.09
new,7.181841412028362,2,22,16,4,web,home,search,0,3.69
active,2.389699909907152,1,1,6,2,android,home,notification,1,21.81
churn,10.182250724809197,4,7,21,0,ios,content,search,1,16.78
active,32.1626620882833,4,3,9,1,web,home,recommendation,1,43.13
at_risk,28.30965234498351,5,15,19,6,android,search,recommendation,0,31.91
active,34.00319235577374,4,21,22,2,web,product,home,1,38.11
new,5.32513019700531,4,20,12,1,web,product,notification,1,11.53
active,21.541898535687093,2,4,2,0,web,content,recommendation,1,29.3
active,10.485965643015629,4,10,16,4,ios,content,home,1,31.19
active,19.917076290489444,1,4,10,5,ios,search,notification,0,35.23
active,12.57501122359402,8,10,8,2,ios,home,recommendation,1,26.82
new,11.354363158030798,5,7,10,0,ios,home,notification,1,14.81
at_risk,20.936894966811717,3,22,7,2,web,content,notification,0,17.17
new,8.04949934169483,6,23,6,4,android,search,search,1,16.86
churn,17.481403420079857,3,25,23,0,ios,content,notification,0,11.87
new,23.476804746453148,6,6,6,1,ios,search,home,0,26.38
new,6.230008415032534,4,0,11,0,android,content,search,0,15.29
active,32.70961093893783,3,1,17,3,ios,product,recommendation,0,38.83
active,18.688915081986117,6,26,5,1,ios,product,recommendation,1,42.82
active,29.044423072183292,5,28,14,1,ios,product,home,0,27.69
active,23.57887921049509,2,6,21,0,web,search,home,0,37.68
churn,25.430031060344003,8,27,19,5,android,home,notification,0,30.7
active,25.632321052763654,4,16,0,3,web,home,notification,1,34.36
active,30.878296603028595,0,5,9,6,ios,search,recommendation,1,30.04
active,22.248979356548496,2,9,0,2,web,content,recommendation,0,31.62
new,11.181166006805856,4,8,14,1,android,product,notification,0,15.13
active,5.283818214560086,6,23,7,1,android,product,home,0,18.12
new,22.006270441854667,1,5,21,6,web,search,notification,0,20.93
active,4.189642524429175,7,5,4,4,android,search,home,0,23.88
new,9.962683905754496,7,22,20,2,android,search,recommendation,1,28.4
churn,4.003337091863086,5,9,8,4,ios,home,search,1,14.42
active,20.113290437216715,5,7,22,3,ios,product,notification,1,34.14
at_risk,7.291158123114645,1,25,4,0,web,search,home,0,1.0
active,22.143441541304618,5,28,6,4,ios,search,recommendation,1,33.34
new,28.09854931848783,0,17,8,0,web,product,home,0,28.64
at_risk,29.122063785471457,2,25,23,1,ios,home,home,1,21.6
active,12.214935768541705,5,26,17,4,ios,content,search,1,26.39
at_risk,20.115499578918367,6,18,19,3,web,home,notification,1,24.17
active,20.579355082849847,3,25,13,1,ios,product,search,0,22.22
active,17.605277011087498,4,0,19,0,android,content,recommendation,0,38.07
at_risk,23.61875841701724,4,1,15,4,android,home,recommendation,0,24.94
active,8.932875086176608,1,27,16,4,ios,home,notification,1,19.69
active,34.31502690636421,4,4,20,1,ios,search,search,1,44.07
active,5.236634294000771,1,22,23,2,ios,content,home,0,15.99
